column_name,what_it_measures,why_included_in_analysis,how_value_is_computed,computation_tools,narrative_summary
dataset,Dataset identifier (experimental replicate or processing batch label).,Allows users to keep replicate-level provenance and compare conditions across experiments.,User-provided string inserted into each row when running batch quantification.,"pandas (groupby, agg, merge)","Dataset identifiers serve as critical metadata anchoring all downstream measurements to their experimental provenance. This tracking enables multi-dataset statistical integration, comparative phenotyping across experimental conditions, and identification of batch effects or experimental-specific biases."
image_name,Source image identifier (file stem).,Preserves per-image traceability and enables per-cell/per-image summaries.,Derived from input file path using the filename stem.,"pandas (groupby, agg, merge)","Individual image identifiers establish complete traceability from raw microscopy data through quantitative analysis, enabling researchers to validate measurements at single-image resolution, detect image-specific artifacts, and link morphological phenotypes to their source microscopy conditions."
mask_name,"Region used as quantification scope (for example cell mask, nucleus, or whole image).",Most outputs are interpreted relative to a biological compartment; mask_name defines that compartment.,Set from user inputs/region configuration; if no mask is supplied infer-subc uses whole-image scope.,"pandas (groupby, agg, merge)","The mask parameter defines the biological compartment serving as the quantification context—whether measurements are computed within the full cell, the nucleus, the cytoplasm, or the whole imaging field. This scope critically influences organelle distributions and abundances, making mask specification essential for proper biological interpretation of phenotypes."
scale,"Physical voxel size tuple (Z, Y, X) used for scaling geometric features.",Lets users interpret measurements in physical units and compare across imaging sessions.,Read from image metadata when available; otherwise infer-subc uses unit spacing and reports corresponding tuple.,"pandas (groupby, agg, merge)","Voxel scaling parameters convert pixel-based measurements into physically meaningful units, derived from microscope calibration. These scale factors account for differences in imaging magnification and detector sampling, enabling biologically rigorous cross-instrument and cross-protocol comparisons."
count_mito_org,Flattened per-image/per-mask summary metric for a specific object and metric family.,"Combined table is intended for downstream statistics/visualization, with one row per image-mask context containing cross-module signatures.","Value comes from upstream grouped summaries (pandas groupby mean/median/std/sum/count/fraction) of morphology, interaction, or distribution metrics.","pandas (groupby, agg); infer-subc.quantification.batch","flattened per-image/per-mask summary metric for a specific object and metric family. combined table is intended for downstream statistics/visualization, with one row per image-mask context containing cross-module signatures"
count_lyso_org,Flattened per-image/per-mask summary metric for a specific object and metric family.,"Combined table is intended for downstream statistics/visualization, with one row per image-mask context containing cross-module signatures.","Value comes from upstream grouped summaries (pandas groupby mean/median/std/sum/count/fraction) of morphology, interaction, or distribution metrics.","pandas (groupby, agg); infer-subc.quantification.batch","flattened per-image/per-mask summary metric for a specific object and metric family. combined table is intended for downstream statistics/visualization, with one row per image-mask context containing cross-module signatures"
count_golgi_org,Flattened per-image/per-mask summary metric for a specific object and metric family.,"Combined table is intended for downstream statistics/visualization, with one row per image-mask context containing cross-module signatures.","Value comes from upstream grouped summaries (pandas groupby mean/median/std/sum/count/fraction) of morphology, interaction, or distribution metrics.","pandas (groupby, agg); infer-subc.quantification.batch","flattened per-image/per-mask summary metric for a specific object and metric family. combined table is intended for downstream statistics/visualization, with one row per image-mask context containing cross-module signatures"
count_perox_org,Flattened per-image/per-mask summary metric for a specific object and metric family.,"Combined table is intended for downstream statistics/visualization, with one row per image-mask context containing cross-module signatures.","Value comes from upstream grouped summaries (pandas groupby mean/median/std/sum/count/fraction) of morphology, interaction, or distribution metrics.","pandas (groupby, agg); infer-subc.quantification.batch","flattened per-image/per-mask summary metric for a specific object and metric family. combined table is intended for downstream statistics/visualization, with one row per image-mask context containing cross-module signatures"
count_ER_org,Flattened per-image/per-mask summary metric for a specific object and metric family.,"Combined table is intended for downstream statistics/visualization, with one row per image-mask context containing cross-module signatures.","Value comes from upstream grouped summaries (pandas groupby mean/median/std/sum/count/fraction) of morphology, interaction, or distribution metrics.","pandas (groupby, agg); infer-subc.quantification.batch","flattened per-image/per-mask summary metric for a specific object and metric family. combined table is intended for downstream statistics/visualization, with one row per image-mask context containing cross-module signatures"
count_LD_org,Flattened per-image/per-mask summary metric for a specific object and metric family.,"Combined table is intended for downstream statistics/visualization, with one row per image-mask context containing cross-module signatures.","Value comes from upstream grouped summaries (pandas groupby mean/median/std/sum/count/fraction) of morphology, interaction, or distribution metrics.","pandas (groupby, agg); infer-subc.quantification.batch","flattened per-image/per-mask summary metric for a specific object and metric family. combined table is intended for downstream statistics/visualization, with one row per image-mask context containing cross-module signatures"
total_mito_volume,Flattened per-image/per-mask summary metric for a specific object and metric family.,"Combined table is intended for downstream statistics/visualization, with one row per image-mask context containing cross-module signatures.","Value comes from upstream grouped summaries (pandas groupby mean/median/std/sum/count/fraction) of morphology, interaction, or distribution metrics.","pandas (groupby, agg); infer-subc.quantification.batch","flattened per-image/per-mask summary metric for a specific object and metric family. combined table is intended for downstream statistics/visualization, with one row per image-mask context containing cross-module signatures"
total_lyso_volume,Flattened per-image/per-mask summary metric for a specific object and metric family.,"Combined table is intended for downstream statistics/visualization, with one row per image-mask context containing cross-module signatures.","Value comes from upstream grouped summaries (pandas groupby mean/median/std/sum/count/fraction) of morphology, interaction, or distribution metrics.","pandas (groupby, agg); infer-subc.quantification.batch","flattened per-image/per-mask summary metric for a specific object and metric family. combined table is intended for downstream statistics/visualization, with one row per image-mask context containing cross-module signatures"
total_golgi_volume,Flattened per-image/per-mask summary metric for a specific object and metric family.,"Combined table is intended for downstream statistics/visualization, with one row per image-mask context containing cross-module signatures.","Value comes from upstream grouped summaries (pandas groupby mean/median/std/sum/count/fraction) of morphology, interaction, or distribution metrics.","pandas (groupby, agg); infer-subc.quantification.batch","flattened per-image/per-mask summary metric for a specific object and metric family. combined table is intended for downstream statistics/visualization, with one row per image-mask context containing cross-module signatures"
total_perox_volume,Flattened per-image/per-mask summary metric for a specific object and metric family.,"Combined table is intended for downstream statistics/visualization, with one row per image-mask context containing cross-module signatures.","Value comes from upstream grouped summaries (pandas groupby mean/median/std/sum/count/fraction) of morphology, interaction, or distribution metrics.","pandas (groupby, agg); infer-subc.quantification.batch","flattened per-image/per-mask summary metric for a specific object and metric family. combined table is intended for downstream statistics/visualization, with one row per image-mask context containing cross-module signatures"
total_ER_volume,Flattened per-image/per-mask summary metric for a specific object and metric family.,"Combined table is intended for downstream statistics/visualization, with one row per image-mask context containing cross-module signatures.","Value comes from upstream grouped summaries (pandas groupby mean/median/std/sum/count/fraction) of morphology, interaction, or distribution metrics.","pandas (groupby, agg); infer-subc.quantification.batch","flattened per-image/per-mask summary metric for a specific object and metric family. combined table is intended for downstream statistics/visualization, with one row per image-mask context containing cross-module signatures"
total_LD_volume,Flattened per-image/per-mask summary metric for a specific object and metric family.,"Combined table is intended for downstream statistics/visualization, with one row per image-mask context containing cross-module signatures.","Value comes from upstream grouped summaries (pandas groupby mean/median/std/sum/count/fraction) of morphology, interaction, or distribution metrics.","pandas (groupby, agg); infer-subc.quantification.batch","flattened per-image/per-mask summary metric for a specific object and metric family. combined table is intended for downstream statistics/visualization, with one row per image-mask context containing cross-module signatures"
fraction_mito_volume,Flattened per-image/per-mask summary metric for a specific object and metric family.,"Combined table is intended for downstream statistics/visualization, with one row per image-mask context containing cross-module signatures.","Value comes from upstream grouped summaries (pandas groupby mean/median/std/sum/count/fraction) of morphology, interaction, or distribution metrics.","pandas (groupby, agg); infer-subc.quantification.batch","flattened per-image/per-mask summary metric for a specific object and metric family. combined table is intended for downstream statistics/visualization, with one row per image-mask context containing cross-module signatures"
fraction_lyso_volume,Flattened per-image/per-mask summary metric for a specific object and metric family.,"Combined table is intended for downstream statistics/visualization, with one row per image-mask context containing cross-module signatures.","Value comes from upstream grouped summaries (pandas groupby mean/median/std/sum/count/fraction) of morphology, interaction, or distribution metrics.","pandas (groupby, agg); infer-subc.quantification.batch","flattened per-image/per-mask summary metric for a specific object and metric family. combined table is intended for downstream statistics/visualization, with one row per image-mask context containing cross-module signatures"
fraction_golgi_volume,Flattened per-image/per-mask summary metric for a specific object and metric family.,"Combined table is intended for downstream statistics/visualization, with one row per image-mask context containing cross-module signatures.","Value comes from upstream grouped summaries (pandas groupby mean/median/std/sum/count/fraction) of morphology, interaction, or distribution metrics.","pandas (groupby, agg); infer-subc.quantification.batch","flattened per-image/per-mask summary metric for a specific object and metric family. combined table is intended for downstream statistics/visualization, with one row per image-mask context containing cross-module signatures"
fraction_perox_volume,Flattened per-image/per-mask summary metric for a specific object and metric family.,"Combined table is intended for downstream statistics/visualization, with one row per image-mask context containing cross-module signatures.","Value comes from upstream grouped summaries (pandas groupby mean/median/std/sum/count/fraction) of morphology, interaction, or distribution metrics.","pandas (groupby, agg); infer-subc.quantification.batch","flattened per-image/per-mask summary metric for a specific object and metric family. combined table is intended for downstream statistics/visualization, with one row per image-mask context containing cross-module signatures"
fraction_ER_volume,Flattened per-image/per-mask summary metric for a specific object and metric family.,"Combined table is intended for downstream statistics/visualization, with one row per image-mask context containing cross-module signatures.","Value comes from upstream grouped summaries (pandas groupby mean/median/std/sum/count/fraction) of morphology, interaction, or distribution metrics.","pandas (groupby, agg); infer-subc.quantification.batch","flattened per-image/per-mask summary metric for a specific object and metric family. combined table is intended for downstream statistics/visualization, with one row per image-mask context containing cross-module signatures"
fraction_LD_volume,Flattened per-image/per-mask summary metric for a specific object and metric family.,"Combined table is intended for downstream statistics/visualization, with one row per image-mask context containing cross-module signatures.","Value comes from upstream grouped summaries (pandas groupby mean/median/std/sum/count/fraction) of morphology, interaction, or distribution metrics.","pandas (groupby, agg); infer-subc.quantification.batch","flattened per-image/per-mask summary metric for a specific object and metric family. combined table is intended for downstream statistics/visualization, with one row per image-mask context containing cross-module signatures"
mean_mito_volume,Flattened per-image/per-mask summary metric for a specific object and metric family.,"Combined table is intended for downstream statistics/visualization, with one row per image-mask context containing cross-module signatures.","Value comes from upstream grouped summaries (pandas groupby mean/median/std/sum/count/fraction) of morphology, interaction, or distribution metrics.","pandas (groupby, agg); infer-subc.quantification.batch","flattened per-image/per-mask summary metric for a specific object and metric family. combined table is intended for downstream statistics/visualization, with one row per image-mask context containing cross-module signatures"
mean_lyso_volume,Flattened per-image/per-mask summary metric for a specific object and metric family.,"Combined table is intended for downstream statistics/visualization, with one row per image-mask context containing cross-module signatures.","Value comes from upstream grouped summaries (pandas groupby mean/median/std/sum/count/fraction) of morphology, interaction, or distribution metrics.","pandas (groupby, agg); infer-subc.quantification.batch","flattened per-image/per-mask summary metric for a specific object and metric family. combined table is intended for downstream statistics/visualization, with one row per image-mask context containing cross-module signatures"
mean_golgi_volume,Flattened per-image/per-mask summary metric for a specific object and metric family.,"Combined table is intended for downstream statistics/visualization, with one row per image-mask context containing cross-module signatures.","Value comes from upstream grouped summaries (pandas groupby mean/median/std/sum/count/fraction) of morphology, interaction, or distribution metrics.","pandas (groupby, agg); infer-subc.quantification.batch","flattened per-image/per-mask summary metric for a specific object and metric family. combined table is intended for downstream statistics/visualization, with one row per image-mask context containing cross-module signatures"
mean_perox_volume,Flattened per-image/per-mask summary metric for a specific object and metric family.,"Combined table is intended for downstream statistics/visualization, with one row per image-mask context containing cross-module signatures.","Value comes from upstream grouped summaries (pandas groupby mean/median/std/sum/count/fraction) of morphology, interaction, or distribution metrics.","pandas (groupby, agg); infer-subc.quantification.batch","flattened per-image/per-mask summary metric for a specific object and metric family. combined table is intended for downstream statistics/visualization, with one row per image-mask context containing cross-module signatures"
mean_ER_volume,Flattened per-image/per-mask summary metric for a specific object and metric family.,"Combined table is intended for downstream statistics/visualization, with one row per image-mask context containing cross-module signatures.","Value comes from upstream grouped summaries (pandas groupby mean/median/std/sum/count/fraction) of morphology, interaction, or distribution metrics.","pandas (groupby, agg); infer-subc.quantification.batch","flattened per-image/per-mask summary metric for a specific object and metric family. combined table is intended for downstream statistics/visualization, with one row per image-mask context containing cross-module signatures"
mean_LD_volume,Flattened per-image/per-mask summary metric for a specific object and metric family.,"Combined table is intended for downstream statistics/visualization, with one row per image-mask context containing cross-module signatures.","Value comes from upstream grouped summaries (pandas groupby mean/median/std/sum/count/fraction) of morphology, interaction, or distribution metrics.","pandas (groupby, agg); infer-subc.quantification.batch","flattened per-image/per-mask summary metric for a specific object and metric family. combined table is intended for downstream statistics/visualization, with one row per image-mask context containing cross-module signatures"
median_mito_volume,Flattened per-image/per-mask summary metric for a specific object and metric family.,"Combined table is intended for downstream statistics/visualization, with one row per image-mask context containing cross-module signatures.","Value comes from upstream grouped summaries (pandas groupby mean/median/std/sum/count/fraction) of morphology, interaction, or distribution metrics.","pandas (groupby, agg); infer-subc.quantification.batch","flattened per-image/per-mask summary metric for a specific object and metric family. combined table is intended for downstream statistics/visualization, with one row per image-mask context containing cross-module signatures"
median_lyso_volume,Flattened per-image/per-mask summary metric for a specific object and metric family.,"Combined table is intended for downstream statistics/visualization, with one row per image-mask context containing cross-module signatures.","Value comes from upstream grouped summaries (pandas groupby mean/median/std/sum/count/fraction) of morphology, interaction, or distribution metrics.","pandas (groupby, agg); infer-subc.quantification.batch","flattened per-image/per-mask summary metric for a specific object and metric family. combined table is intended for downstream statistics/visualization, with one row per image-mask context containing cross-module signatures"
median_golgi_volume,Flattened per-image/per-mask summary metric for a specific object and metric family.,"Combined table is intended for downstream statistics/visualization, with one row per image-mask context containing cross-module signatures.","Value comes from upstream grouped summaries (pandas groupby mean/median/std/sum/count/fraction) of morphology, interaction, or distribution metrics.","pandas (groupby, agg); infer-subc.quantification.batch","flattened per-image/per-mask summary metric for a specific object and metric family. combined table is intended for downstream statistics/visualization, with one row per image-mask context containing cross-module signatures"
median_perox_volume,Flattened per-image/per-mask summary metric for a specific object and metric family.,"Combined table is intended for downstream statistics/visualization, with one row per image-mask context containing cross-module signatures.","Value comes from upstream grouped summaries (pandas groupby mean/median/std/sum/count/fraction) of morphology, interaction, or distribution metrics.","pandas (groupby, agg); infer-subc.quantification.batch","flattened per-image/per-mask summary metric for a specific object and metric family. combined table is intended for downstream statistics/visualization, with one row per image-mask context containing cross-module signatures"
median_ER_volume,Flattened per-image/per-mask summary metric for a specific object and metric family.,"Combined table is intended for downstream statistics/visualization, with one row per image-mask context containing cross-module signatures.","Value comes from upstream grouped summaries (pandas groupby mean/median/std/sum/count/fraction) of morphology, interaction, or distribution metrics.","pandas (groupby, agg); infer-subc.quantification.batch","flattened per-image/per-mask summary metric for a specific object and metric family. combined table is intended for downstream statistics/visualization, with one row per image-mask context containing cross-module signatures"
median_LD_volume,Flattened per-image/per-mask summary metric for a specific object and metric family.,"Combined table is intended for downstream statistics/visualization, with one row per image-mask context containing cross-module signatures.","Value comes from upstream grouped summaries (pandas groupby mean/median/std/sum/count/fraction) of morphology, interaction, or distribution metrics.","pandas (groupby, agg); infer-subc.quantification.batch","flattened per-image/per-mask summary metric for a specific object and metric family. combined table is intended for downstream statistics/visualization, with one row per image-mask context containing cross-module signatures"
std_mito_volume,Flattened per-image/per-mask summary metric for a specific object and metric family.,"Combined table is intended for downstream statistics/visualization, with one row per image-mask context containing cross-module signatures.","Value comes from upstream grouped summaries (pandas groupby mean/median/std/sum/count/fraction) of morphology, interaction, or distribution metrics.","pandas (groupby, agg); infer-subc.quantification.batch","flattened per-image/per-mask summary metric for a specific object and metric family. combined table is intended for downstream statistics/visualization, with one row per image-mask context containing cross-module signatures"
std_lyso_volume,Flattened per-image/per-mask summary metric for a specific object and metric family.,"Combined table is intended for downstream statistics/visualization, with one row per image-mask context containing cross-module signatures.","Value comes from upstream grouped summaries (pandas groupby mean/median/std/sum/count/fraction) of morphology, interaction, or distribution metrics.","pandas (groupby, agg); infer-subc.quantification.batch","flattened per-image/per-mask summary metric for a specific object and metric family. combined table is intended for downstream statistics/visualization, with one row per image-mask context containing cross-module signatures"
std_golgi_volume,Flattened per-image/per-mask summary metric for a specific object and metric family.,"Combined table is intended for downstream statistics/visualization, with one row per image-mask context containing cross-module signatures.","Value comes from upstream grouped summaries (pandas groupby mean/median/std/sum/count/fraction) of morphology, interaction, or distribution metrics.","pandas (groupby, agg); infer-subc.quantification.batch","flattened per-image/per-mask summary metric for a specific object and metric family. combined table is intended for downstream statistics/visualization, with one row per image-mask context containing cross-module signatures"
std_perox_volume,Flattened per-image/per-mask summary metric for a specific object and metric family.,"Combined table is intended for downstream statistics/visualization, with one row per image-mask context containing cross-module signatures.","Value comes from upstream grouped summaries (pandas groupby mean/median/std/sum/count/fraction) of morphology, interaction, or distribution metrics.","pandas (groupby, agg); infer-subc.quantification.batch","flattened per-image/per-mask summary metric for a specific object and metric family. combined table is intended for downstream statistics/visualization, with one row per image-mask context containing cross-module signatures"
std_ER_volume,Flattened per-image/per-mask summary metric for a specific object and metric family.,"Combined table is intended for downstream statistics/visualization, with one row per image-mask context containing cross-module signatures.","Value comes from upstream grouped summaries (pandas groupby mean/median/std/sum/count/fraction) of morphology, interaction, or distribution metrics.","pandas (groupby, agg); infer-subc.quantification.batch","flattened per-image/per-mask summary metric for a specific object and metric family. combined table is intended for downstream statistics/visualization, with one row per image-mask context containing cross-module signatures"
std_LD_volume,Flattened per-image/per-mask summary metric for a specific object and metric family.,"Combined table is intended for downstream statistics/visualization, with one row per image-mask context containing cross-module signatures.","Value comes from upstream grouped summaries (pandas groupby mean/median/std/sum/count/fraction) of morphology, interaction, or distribution metrics.","pandas (groupby, agg); infer-subc.quantification.batch","flattened per-image/per-mask summary metric for a specific object and metric family. combined table is intended for downstream statistics/visualization, with one row per image-mask context containing cross-module signatures"
total_cell_volume,Flattened per-image/per-mask summary metric for a specific object and metric family.,"Combined table is intended for downstream statistics/visualization, with one row per image-mask context containing cross-module signatures.","Value comes from upstream grouped summaries (pandas groupby mean/median/std/sum/count/fraction) of morphology, interaction, or distribution metrics.","pandas (groupby, agg); infer-subc.quantification.batch","flattened per-image/per-mask summary metric for a specific object and metric family. combined table is intended for downstream statistics/visualization, with one row per image-mask context containing cross-module signatures"
total_nuc_volume,Flattened per-image/per-mask summary metric for a specific object and metric family.,"Combined table is intended for downstream statistics/visualization, with one row per image-mask context containing cross-module signatures.","Value comes from upstream grouped summaries (pandas groupby mean/median/std/sum/count/fraction) of morphology, interaction, or distribution metrics.","pandas (groupby, agg); infer-subc.quantification.batch","flattened per-image/per-mask summary metric for a specific object and metric family. combined table is intended for downstream statistics/visualization, with one row per image-mask context containing cross-module signatures"
total_cytoplasm_volume,Flattened per-image/per-mask summary metric for a specific object and metric family.,"Combined table is intended for downstream statistics/visualization, with one row per image-mask context containing cross-module signatures.","Value comes from upstream grouped summaries (pandas groupby mean/median/std/sum/count/fraction) of morphology, interaction, or distribution metrics.","pandas (groupby, agg); infer-subc.quantification.batch","flattened per-image/per-mask summary metric for a specific object and metric family. combined table is intended for downstream statistics/visualization, with one row per image-mask context containing cross-module signatures"
count_mitoXlyso_sites,Flattened per-image/per-mask summary metric for a specific object and metric family.,"Combined table is intended for downstream statistics/visualization, with one row per image-mask context containing cross-module signatures.","Value comes from upstream grouped summaries (pandas groupby mean/median/std/sum/count/fraction) of morphology, interaction, or distribution metrics.","pandas (groupby, agg); infer-subc.quantification.batch","flattened per-image/per-mask summary metric for a specific object and metric family. combined table is intended for downstream statistics/visualization, with one row per image-mask context containing cross-module signatures"
count_mitoXgolgi_sites,Flattened per-image/per-mask summary metric for a specific object and metric family.,"Combined table is intended for downstream statistics/visualization, with one row per image-mask context containing cross-module signatures.","Value comes from upstream grouped summaries (pandas groupby mean/median/std/sum/count/fraction) of morphology, interaction, or distribution metrics.","pandas (groupby, agg); infer-subc.quantification.batch","flattened per-image/per-mask summary metric for a specific object and metric family. combined table is intended for downstream statistics/visualization, with one row per image-mask context containing cross-module signatures"
count_mitoXperox_sites,Flattened per-image/per-mask summary metric for a specific object and metric family.,"Combined table is intended for downstream statistics/visualization, with one row per image-mask context containing cross-module signatures.","Value comes from upstream grouped summaries (pandas groupby mean/median/std/sum/count/fraction) of morphology, interaction, or distribution metrics.","pandas (groupby, agg); infer-subc.quantification.batch","flattened per-image/per-mask summary metric for a specific object and metric family. combined table is intended for downstream statistics/visualization, with one row per image-mask context containing cross-module signatures"
count_mitoXER_sites,Flattened per-image/per-mask summary metric for a specific object and metric family.,"Combined table is intended for downstream statistics/visualization, with one row per image-mask context containing cross-module signatures.","Value comes from upstream grouped summaries (pandas groupby mean/median/std/sum/count/fraction) of morphology, interaction, or distribution metrics.","pandas (groupby, agg); infer-subc.quantification.batch","flattened per-image/per-mask summary metric for a specific object and metric family. combined table is intended for downstream statistics/visualization, with one row per image-mask context containing cross-module signatures"
count_mitoXLD_sites,Flattened per-image/per-mask summary metric for a specific object and metric family.,"Combined table is intended for downstream statistics/visualization, with one row per image-mask context containing cross-module signatures.","Value comes from upstream grouped summaries (pandas groupby mean/median/std/sum/count/fraction) of morphology, interaction, or distribution metrics.","pandas (groupby, agg); infer-subc.quantification.batch","flattened per-image/per-mask summary metric for a specific object and metric family. combined table is intended for downstream statistics/visualization, with one row per image-mask context containing cross-module signatures"
count_lysoXperox_sites,Flattened per-image/per-mask summary metric for a specific object and metric family.,"Combined table is intended for downstream statistics/visualization, with one row per image-mask context containing cross-module signatures.","Value comes from upstream grouped summaries (pandas groupby mean/median/std/sum/count/fraction) of morphology, interaction, or distribution metrics.","pandas (groupby, agg); infer-subc.quantification.batch","flattened per-image/per-mask summary metric for a specific object and metric family. combined table is intended for downstream statistics/visualization, with one row per image-mask context containing cross-module signatures"
count_lysoXER_sites,Flattened per-image/per-mask summary metric for a specific object and metric family.,"Combined table is intended for downstream statistics/visualization, with one row per image-mask context containing cross-module signatures.","Value comes from upstream grouped summaries (pandas groupby mean/median/std/sum/count/fraction) of morphology, interaction, or distribution metrics.","pandas (groupby, agg); infer-subc.quantification.batch","flattened per-image/per-mask summary metric for a specific object and metric family. combined table is intended for downstream statistics/visualization, with one row per image-mask context containing cross-module signatures"
count_golgiXER_sites,Flattened per-image/per-mask summary metric for a specific object and metric family.,"Combined table is intended for downstream statistics/visualization, with one row per image-mask context containing cross-module signatures.","Value comes from upstream grouped summaries (pandas groupby mean/median/std/sum/count/fraction) of morphology, interaction, or distribution metrics.","pandas (groupby, agg); infer-subc.quantification.batch","flattened per-image/per-mask summary metric for a specific object and metric family. combined table is intended for downstream statistics/visualization, with one row per image-mask context containing cross-module signatures"
count_peroxXER_sites,Flattened per-image/per-mask summary metric for a specific object and metric family.,"Combined table is intended for downstream statistics/visualization, with one row per image-mask context containing cross-module signatures.","Value comes from upstream grouped summaries (pandas groupby mean/median/std/sum/count/fraction) of morphology, interaction, or distribution metrics.","pandas (groupby, agg); infer-subc.quantification.batch","flattened per-image/per-mask summary metric for a specific object and metric family. combined table is intended for downstream statistics/visualization, with one row per image-mask context containing cross-module signatures"
count_mitoXlysoXER_sites,Flattened per-image/per-mask summary metric for a specific object and metric family.,"Combined table is intended for downstream statistics/visualization, with one row per image-mask context containing cross-module signatures.","Value comes from upstream grouped summaries (pandas groupby mean/median/std/sum/count/fraction) of morphology, interaction, or distribution metrics.","pandas (groupby, agg); infer-subc.quantification.batch","flattened per-image/per-mask summary metric for a specific object and metric family. combined table is intended for downstream statistics/visualization, with one row per image-mask context containing cross-module signatures"
count_mitoXlyso_sites_in_higher_order,Flattened per-image/per-mask summary metric for a specific object and metric family.,"Combined table is intended for downstream statistics/visualization, with one row per image-mask context containing cross-module signatures.","Value comes from upstream grouped summaries (pandas groupby mean/median/std/sum/count/fraction) of morphology, interaction, or distribution metrics.","pandas (groupby, agg); infer-subc.quantification.batch","flattened per-image/per-mask summary metric for a specific object and metric family. combined table is intended for downstream statistics/visualization, with one row per image-mask context containing cross-module signatures"
count_mitoXgolgi_sites_in_higher_order,Flattened per-image/per-mask summary metric for a specific object and metric family.,"Combined table is intended for downstream statistics/visualization, with one row per image-mask context containing cross-module signatures.","Value comes from upstream grouped summaries (pandas groupby mean/median/std/sum/count/fraction) of morphology, interaction, or distribution metrics.","pandas (groupby, agg); infer-subc.quantification.batch","flattened per-image/per-mask summary metric for a specific object and metric family. combined table is intended for downstream statistics/visualization, with one row per image-mask context containing cross-module signatures"
count_mitoXperox_sites_in_higher_order,Flattened per-image/per-mask summary metric for a specific object and metric family.,"Combined table is intended for downstream statistics/visualization, with one row per image-mask context containing cross-module signatures.","Value comes from upstream grouped summaries (pandas groupby mean/median/std/sum/count/fraction) of morphology, interaction, or distribution metrics.","pandas (groupby, agg); infer-subc.quantification.batch","flattened per-image/per-mask summary metric for a specific object and metric family. combined table is intended for downstream statistics/visualization, with one row per image-mask context containing cross-module signatures"
count_mitoXER_sites_in_higher_order,Flattened per-image/per-mask summary metric for a specific object and metric family.,"Combined table is intended for downstream statistics/visualization, with one row per image-mask context containing cross-module signatures.","Value comes from upstream grouped summaries (pandas groupby mean/median/std/sum/count/fraction) of morphology, interaction, or distribution metrics.","pandas (groupby, agg); infer-subc.quantification.batch","flattened per-image/per-mask summary metric for a specific object and metric family. combined table is intended for downstream statistics/visualization, with one row per image-mask context containing cross-module signatures"
count_mitoXLD_sites_in_higher_order,Flattened per-image/per-mask summary metric for a specific object and metric family.,"Combined table is intended for downstream statistics/visualization, with one row per image-mask context containing cross-module signatures.","Value comes from upstream grouped summaries (pandas groupby mean/median/std/sum/count/fraction) of morphology, interaction, or distribution metrics.","pandas (groupby, agg); infer-subc.quantification.batch","flattened per-image/per-mask summary metric for a specific object and metric family. combined table is intended for downstream statistics/visualization, with one row per image-mask context containing cross-module signatures"
count_lysoXperox_sites_in_higher_order,Flattened per-image/per-mask summary metric for a specific object and metric family.,"Combined table is intended for downstream statistics/visualization, with one row per image-mask context containing cross-module signatures.","Value comes from upstream grouped summaries (pandas groupby mean/median/std/sum/count/fraction) of morphology, interaction, or distribution metrics.","pandas (groupby, agg); infer-subc.quantification.batch","flattened per-image/per-mask summary metric for a specific object and metric family. combined table is intended for downstream statistics/visualization, with one row per image-mask context containing cross-module signatures"
count_lysoXER_sites_in_higher_order,Flattened per-image/per-mask summary metric for a specific object and metric family.,"Combined table is intended for downstream statistics/visualization, with one row per image-mask context containing cross-module signatures.","Value comes from upstream grouped summaries (pandas groupby mean/median/std/sum/count/fraction) of morphology, interaction, or distribution metrics.","pandas (groupby, agg); infer-subc.quantification.batch","flattened per-image/per-mask summary metric for a specific object and metric family. combined table is intended for downstream statistics/visualization, with one row per image-mask context containing cross-module signatures"
count_golgiXER_sites_in_higher_order,Flattened per-image/per-mask summary metric for a specific object and metric family.,"Combined table is intended for downstream statistics/visualization, with one row per image-mask context containing cross-module signatures.","Value comes from upstream grouped summaries (pandas groupby mean/median/std/sum/count/fraction) of morphology, interaction, or distribution metrics.","pandas (groupby, agg); infer-subc.quantification.batch","flattened per-image/per-mask summary metric for a specific object and metric family. combined table is intended for downstream statistics/visualization, with one row per image-mask context containing cross-module signatures"
count_peroxXER_sites_in_higher_order,Flattened per-image/per-mask summary metric for a specific object and metric family.,"Combined table is intended for downstream statistics/visualization, with one row per image-mask context containing cross-module signatures.","Value comes from upstream grouped summaries (pandas groupby mean/median/std/sum/count/fraction) of morphology, interaction, or distribution metrics.","pandas (groupby, agg); infer-subc.quantification.batch","flattened per-image/per-mask summary metric for a specific object and metric family. combined table is intended for downstream statistics/visualization, with one row per image-mask context containing cross-module signatures"
count_mitoXlysoXER_sites_in_higher_order,Flattened per-image/per-mask summary metric for a specific object and metric family.,"Combined table is intended for downstream statistics/visualization, with one row per image-mask context containing cross-module signatures.","Value comes from upstream grouped summaries (pandas groupby mean/median/std/sum/count/fraction) of morphology, interaction, or distribution metrics.","pandas (groupby, agg); infer-subc.quantification.batch","flattened per-image/per-mask summary metric for a specific object and metric family. combined table is intended for downstream statistics/visualization, with one row per image-mask context containing cross-module signatures"
count_mitoXlyso_sites_not_in_higher_order,Flattened per-image/per-mask summary metric for a specific object and metric family.,"Combined table is intended for downstream statistics/visualization, with one row per image-mask context containing cross-module signatures.","Value comes from upstream grouped summaries (pandas groupby mean/median/std/sum/count/fraction) of morphology, interaction, or distribution metrics.","pandas (groupby, agg); infer-subc.quantification.batch","flattened per-image/per-mask summary metric for a specific object and metric family. combined table is intended for downstream statistics/visualization, with one row per image-mask context containing cross-module signatures"
count_mitoXgolgi_sites_not_in_higher_order,Flattened per-image/per-mask summary metric for a specific object and metric family.,"Combined table is intended for downstream statistics/visualization, with one row per image-mask context containing cross-module signatures.","Value comes from upstream grouped summaries (pandas groupby mean/median/std/sum/count/fraction) of morphology, interaction, or distribution metrics.","pandas (groupby, agg); infer-subc.quantification.batch","flattened per-image/per-mask summary metric for a specific object and metric family. combined table is intended for downstream statistics/visualization, with one row per image-mask context containing cross-module signatures"
count_mitoXperox_sites_not_in_higher_order,Flattened per-image/per-mask summary metric for a specific object and metric family.,"Combined table is intended for downstream statistics/visualization, with one row per image-mask context containing cross-module signatures.","Value comes from upstream grouped summaries (pandas groupby mean/median/std/sum/count/fraction) of morphology, interaction, or distribution metrics.","pandas (groupby, agg); infer-subc.quantification.batch","flattened per-image/per-mask summary metric for a specific object and metric family. combined table is intended for downstream statistics/visualization, with one row per image-mask context containing cross-module signatures"
count_mitoXER_sites_not_in_higher_order,Flattened per-image/per-mask summary metric for a specific object and metric family.,"Combined table is intended for downstream statistics/visualization, with one row per image-mask context containing cross-module signatures.","Value comes from upstream grouped summaries (pandas groupby mean/median/std/sum/count/fraction) of morphology, interaction, or distribution metrics.","pandas (groupby, agg); infer-subc.quantification.batch","flattened per-image/per-mask summary metric for a specific object and metric family. combined table is intended for downstream statistics/visualization, with one row per image-mask context containing cross-module signatures"
count_mitoXLD_sites_not_in_higher_order,Flattened per-image/per-mask summary metric for a specific object and metric family.,"Combined table is intended for downstream statistics/visualization, with one row per image-mask context containing cross-module signatures.","Value comes from upstream grouped summaries (pandas groupby mean/median/std/sum/count/fraction) of morphology, interaction, or distribution metrics.","pandas (groupby, agg); infer-subc.quantification.batch","flattened per-image/per-mask summary metric for a specific object and metric family. combined table is intended for downstream statistics/visualization, with one row per image-mask context containing cross-module signatures"
count_lysoXperox_sites_not_in_higher_order,Flattened per-image/per-mask summary metric for a specific object and metric family.,"Combined table is intended for downstream statistics/visualization, with one row per image-mask context containing cross-module signatures.","Value comes from upstream grouped summaries (pandas groupby mean/median/std/sum/count/fraction) of morphology, interaction, or distribution metrics.","pandas (groupby, agg); infer-subc.quantification.batch","flattened per-image/per-mask summary metric for a specific object and metric family. combined table is intended for downstream statistics/visualization, with one row per image-mask context containing cross-module signatures"
count_lysoXER_sites_not_in_higher_order,Flattened per-image/per-mask summary metric for a specific object and metric family.,"Combined table is intended for downstream statistics/visualization, with one row per image-mask context containing cross-module signatures.","Value comes from upstream grouped summaries (pandas groupby mean/median/std/sum/count/fraction) of morphology, interaction, or distribution metrics.","pandas (groupby, agg); infer-subc.quantification.batch","flattened per-image/per-mask summary metric for a specific object and metric family. combined table is intended for downstream statistics/visualization, with one row per image-mask context containing cross-module signatures"
count_golgiXER_sites_not_in_higher_order,Flattened per-image/per-mask summary metric for a specific object and metric family.,"Combined table is intended for downstream statistics/visualization, with one row per image-mask context containing cross-module signatures.","Value comes from upstream grouped summaries (pandas groupby mean/median/std/sum/count/fraction) of morphology, interaction, or distribution metrics.","pandas (groupby, agg); infer-subc.quantification.batch","flattened per-image/per-mask summary metric for a specific object and metric family. combined table is intended for downstream statistics/visualization, with one row per image-mask context containing cross-module signatures"
count_peroxXER_sites_not_in_higher_order,Flattened per-image/per-mask summary metric for a specific object and metric family.,"Combined table is intended for downstream statistics/visualization, with one row per image-mask context containing cross-module signatures.","Value comes from upstream grouped summaries (pandas groupby mean/median/std/sum/count/fraction) of morphology, interaction, or distribution metrics.","pandas (groupby, agg); infer-subc.quantification.batch","flattened per-image/per-mask summary metric for a specific object and metric family. combined table is intended for downstream statistics/visualization, with one row per image-mask context containing cross-module signatures"
count_mitoXlysoXER_sites_not_in_higher_order,Flattened per-image/per-mask summary metric for a specific object and metric family.,"Combined table is intended for downstream statistics/visualization, with one row per image-mask context containing cross-module signatures.","Value comes from upstream grouped summaries (pandas groupby mean/median/std/sum/count/fraction) of morphology, interaction, or distribution metrics.","pandas (groupby, agg); infer-subc.quantification.batch","flattened per-image/per-mask summary metric for a specific object and metric family. combined table is intended for downstream statistics/visualization, with one row per image-mask context containing cross-module signatures"
total_mito_mitoXlyso_count,Flattened per-image/per-mask summary metric for a specific object and metric family.,"Combined table is intended for downstream statistics/visualization, with one row per image-mask context containing cross-module signatures.","Value comes from upstream grouped summaries (pandas groupby mean/median/std/sum/count/fraction) of morphology, interaction, or distribution metrics.","pandas (groupby, agg); infer-subc.quantification.batch","flattened per-image/per-mask summary metric for a specific object and metric family. combined table is intended for downstream statistics/visualization, with one row per image-mask context containing cross-module signatures"
total_lyso_mitoXlyso_count,Flattened per-image/per-mask summary metric for a specific object and metric family.,"Combined table is intended for downstream statistics/visualization, with one row per image-mask context containing cross-module signatures.","Value comes from upstream grouped summaries (pandas groupby mean/median/std/sum/count/fraction) of morphology, interaction, or distribution metrics.","pandas (groupby, agg); infer-subc.quantification.batch","flattened per-image/per-mask summary metric for a specific object and metric family. combined table is intended for downstream statistics/visualization, with one row per image-mask context containing cross-module signatures"
total_golgi_mitoXlyso_count,Flattened per-image/per-mask summary metric for a specific object and metric family.,"Combined table is intended for downstream statistics/visualization, with one row per image-mask context containing cross-module signatures.","Value comes from upstream grouped summaries (pandas groupby mean/median/std/sum/count/fraction) of morphology, interaction, or distribution metrics.","pandas (groupby, agg); infer-subc.quantification.batch","flattened per-image/per-mask summary metric for a specific object and metric family. combined table is intended for downstream statistics/visualization, with one row per image-mask context containing cross-module signatures"
total_perox_mitoXlyso_count,Flattened per-image/per-mask summary metric for a specific object and metric family.,"Combined table is intended for downstream statistics/visualization, with one row per image-mask context containing cross-module signatures.","Value comes from upstream grouped summaries (pandas groupby mean/median/std/sum/count/fraction) of morphology, interaction, or distribution metrics.","pandas (groupby, agg); infer-subc.quantification.batch","flattened per-image/per-mask summary metric for a specific object and metric family. combined table is intended for downstream statistics/visualization, with one row per image-mask context containing cross-module signatures"
total_ER_mitoXlyso_count,Flattened per-image/per-mask summary metric for a specific object and metric family.,"Combined table is intended for downstream statistics/visualization, with one row per image-mask context containing cross-module signatures.","Value comes from upstream grouped summaries (pandas groupby mean/median/std/sum/count/fraction) of morphology, interaction, or distribution metrics.","pandas (groupby, agg); infer-subc.quantification.batch","flattened per-image/per-mask summary metric for a specific object and metric family. combined table is intended for downstream statistics/visualization, with one row per image-mask context containing cross-module signatures"
total_LD_mitoXlyso_count,Flattened per-image/per-mask summary metric for a specific object and metric family.,"Combined table is intended for downstream statistics/visualization, with one row per image-mask context containing cross-module signatures.","Value comes from upstream grouped summaries (pandas groupby mean/median/std/sum/count/fraction) of morphology, interaction, or distribution metrics.","pandas (groupby, agg); infer-subc.quantification.batch","flattened per-image/per-mask summary metric for a specific object and metric family. combined table is intended for downstream statistics/visualization, with one row per image-mask context containing cross-module signatures"
total_mito_mitoXgolgi_count,Flattened per-image/per-mask summary metric for a specific object and metric family.,"Combined table is intended for downstream statistics/visualization, with one row per image-mask context containing cross-module signatures.","Value comes from upstream grouped summaries (pandas groupby mean/median/std/sum/count/fraction) of morphology, interaction, or distribution metrics.","pandas (groupby, agg); infer-subc.quantification.batch","flattened per-image/per-mask summary metric for a specific object and metric family. combined table is intended for downstream statistics/visualization, with one row per image-mask context containing cross-module signatures"
total_lyso_mitoXgolgi_count,Flattened per-image/per-mask summary metric for a specific object and metric family.,"Combined table is intended for downstream statistics/visualization, with one row per image-mask context containing cross-module signatures.","Value comes from upstream grouped summaries (pandas groupby mean/median/std/sum/count/fraction) of morphology, interaction, or distribution metrics.","pandas (groupby, agg); infer-subc.quantification.batch","flattened per-image/per-mask summary metric for a specific object and metric family. combined table is intended for downstream statistics/visualization, with one row per image-mask context containing cross-module signatures"
total_golgi_mitoXgolgi_count,Flattened per-image/per-mask summary metric for a specific object and metric family.,"Combined table is intended for downstream statistics/visualization, with one row per image-mask context containing cross-module signatures.","Value comes from upstream grouped summaries (pandas groupby mean/median/std/sum/count/fraction) of morphology, interaction, or distribution metrics.","pandas (groupby, agg); infer-subc.quantification.batch","flattened per-image/per-mask summary metric for a specific object and metric family. combined table is intended for downstream statistics/visualization, with one row per image-mask context containing cross-module signatures"
total_perox_mitoXgolgi_count,Flattened per-image/per-mask summary metric for a specific object and metric family.,"Combined table is intended for downstream statistics/visualization, with one row per image-mask context containing cross-module signatures.","Value comes from upstream grouped summaries (pandas groupby mean/median/std/sum/count/fraction) of morphology, interaction, or distribution metrics.","pandas (groupby, agg); infer-subc.quantification.batch","flattened per-image/per-mask summary metric for a specific object and metric family. combined table is intended for downstream statistics/visualization, with one row per image-mask context containing cross-module signatures"
total_ER_mitoXgolgi_count,Flattened per-image/per-mask summary metric for a specific object and metric family.,"Combined table is intended for downstream statistics/visualization, with one row per image-mask context containing cross-module signatures.","Value comes from upstream grouped summaries (pandas groupby mean/median/std/sum/count/fraction) of morphology, interaction, or distribution metrics.","pandas (groupby, agg); infer-subc.quantification.batch","flattened per-image/per-mask summary metric for a specific object and metric family. combined table is intended for downstream statistics/visualization, with one row per image-mask context containing cross-module signatures"
total_LD_mitoXgolgi_count,Flattened per-image/per-mask summary metric for a specific object and metric family.,"Combined table is intended for downstream statistics/visualization, with one row per image-mask context containing cross-module signatures.","Value comes from upstream grouped summaries (pandas groupby mean/median/std/sum/count/fraction) of morphology, interaction, or distribution metrics.","pandas (groupby, agg); infer-subc.quantification.batch","flattened per-image/per-mask summary metric for a specific object and metric family. combined table is intended for downstream statistics/visualization, with one row per image-mask context containing cross-module signatures"
total_mito_mitoXperox_count,Flattened per-image/per-mask summary metric for a specific object and metric family.,"Combined table is intended for downstream statistics/visualization, with one row per image-mask context containing cross-module signatures.","Value comes from upstream grouped summaries (pandas groupby mean/median/std/sum/count/fraction) of morphology, interaction, or distribution metrics.","pandas (groupby, agg); infer-subc.quantification.batch","flattened per-image/per-mask summary metric for a specific object and metric family. combined table is intended for downstream statistics/visualization, with one row per image-mask context containing cross-module signatures"
total_lyso_mitoXperox_count,Flattened per-image/per-mask summary metric for a specific object and metric family.,"Combined table is intended for downstream statistics/visualization, with one row per image-mask context containing cross-module signatures.","Value comes from upstream grouped summaries (pandas groupby mean/median/std/sum/count/fraction) of morphology, interaction, or distribution metrics.","pandas (groupby, agg); infer-subc.quantification.batch","flattened per-image/per-mask summary metric for a specific object and metric family. combined table is intended for downstream statistics/visualization, with one row per image-mask context containing cross-module signatures"
total_golgi_mitoXperox_count,Flattened per-image/per-mask summary metric for a specific object and metric family.,"Combined table is intended for downstream statistics/visualization, with one row per image-mask context containing cross-module signatures.","Value comes from upstream grouped summaries (pandas groupby mean/median/std/sum/count/fraction) of morphology, interaction, or distribution metrics.","pandas (groupby, agg); infer-subc.quantification.batch","flattened per-image/per-mask summary metric for a specific object and metric family. combined table is intended for downstream statistics/visualization, with one row per image-mask context containing cross-module signatures"
total_perox_mitoXperox_count,Flattened per-image/per-mask summary metric for a specific object and metric family.,"Combined table is intended for downstream statistics/visualization, with one row per image-mask context containing cross-module signatures.","Value comes from upstream grouped summaries (pandas groupby mean/median/std/sum/count/fraction) of morphology, interaction, or distribution metrics.","pandas (groupby, agg); infer-subc.quantification.batch","flattened per-image/per-mask summary metric for a specific object and metric family. combined table is intended for downstream statistics/visualization, with one row per image-mask context containing cross-module signatures"
total_ER_mitoXperox_count,Flattened per-image/per-mask summary metric for a specific object and metric family.,"Combined table is intended for downstream statistics/visualization, with one row per image-mask context containing cross-module signatures.","Value comes from upstream grouped summaries (pandas groupby mean/median/std/sum/count/fraction) of morphology, interaction, or distribution metrics.","pandas (groupby, agg); infer-subc.quantification.batch","flattened per-image/per-mask summary metric for a specific object and metric family. combined table is intended for downstream statistics/visualization, with one row per image-mask context containing cross-module signatures"
total_LD_mitoXperox_count,Flattened per-image/per-mask summary metric for a specific object and metric family.,"Combined table is intended for downstream statistics/visualization, with one row per image-mask context containing cross-module signatures.","Value comes from upstream grouped summaries (pandas groupby mean/median/std/sum/count/fraction) of morphology, interaction, or distribution metrics.","pandas (groupby, agg); infer-subc.quantification.batch","flattened per-image/per-mask summary metric for a specific object and metric family. combined table is intended for downstream statistics/visualization, with one row per image-mask context containing cross-module signatures"
total_mito_mitoXER_count,Flattened per-image/per-mask summary metric for a specific object and metric family.,"Combined table is intended for downstream statistics/visualization, with one row per image-mask context containing cross-module signatures.","Value comes from upstream grouped summaries (pandas groupby mean/median/std/sum/count/fraction) of morphology, interaction, or distribution metrics.","pandas (groupby, agg); infer-subc.quantification.batch","flattened per-image/per-mask summary metric for a specific object and metric family. combined table is intended for downstream statistics/visualization, with one row per image-mask context containing cross-module signatures"
total_lyso_mitoXER_count,Flattened per-image/per-mask summary metric for a specific object and metric family.,"Combined table is intended for downstream statistics/visualization, with one row per image-mask context containing cross-module signatures.","Value comes from upstream grouped summaries (pandas groupby mean/median/std/sum/count/fraction) of morphology, interaction, or distribution metrics.","pandas (groupby, agg); infer-subc.quantification.batch","flattened per-image/per-mask summary metric for a specific object and metric family. combined table is intended for downstream statistics/visualization, with one row per image-mask context containing cross-module signatures"
total_golgi_mitoXER_count,Flattened per-image/per-mask summary metric for a specific object and metric family.,"Combined table is intended for downstream statistics/visualization, with one row per image-mask context containing cross-module signatures.","Value comes from upstream grouped summaries (pandas groupby mean/median/std/sum/count/fraction) of morphology, interaction, or distribution metrics.","pandas (groupby, agg); infer-subc.quantification.batch","flattened per-image/per-mask summary metric for a specific object and metric family. combined table is intended for downstream statistics/visualization, with one row per image-mask context containing cross-module signatures"
total_perox_mitoXER_count,Flattened per-image/per-mask summary metric for a specific object and metric family.,"Combined table is intended for downstream statistics/visualization, with one row per image-mask context containing cross-module signatures.","Value comes from upstream grouped summaries (pandas groupby mean/median/std/sum/count/fraction) of morphology, interaction, or distribution metrics.","pandas (groupby, agg); infer-subc.quantification.batch","flattened per-image/per-mask summary metric for a specific object and metric family. combined table is intended for downstream statistics/visualization, with one row per image-mask context containing cross-module signatures"
total_ER_mitoXER_count,Flattened per-image/per-mask summary metric for a specific object and metric family.,"Combined table is intended for downstream statistics/visualization, with one row per image-mask context containing cross-module signatures.","Value comes from upstream grouped summaries (pandas groupby mean/median/std/sum/count/fraction) of morphology, interaction, or distribution metrics.","pandas (groupby, agg); infer-subc.quantification.batch","flattened per-image/per-mask summary metric for a specific object and metric family. combined table is intended for downstream statistics/visualization, with one row per image-mask context containing cross-module signatures"
total_LD_mitoXER_count,Flattened per-image/per-mask summary metric for a specific object and metric family.,"Combined table is intended for downstream statistics/visualization, with one row per image-mask context containing cross-module signatures.","Value comes from upstream grouped summaries (pandas groupby mean/median/std/sum/count/fraction) of morphology, interaction, or distribution metrics.","pandas (groupby, agg); infer-subc.quantification.batch","flattened per-image/per-mask summary metric for a specific object and metric family. combined table is intended for downstream statistics/visualization, with one row per image-mask context containing cross-module signatures"
total_mito_mitoXLD_count,Flattened per-image/per-mask summary metric for a specific object and metric family.,"Combined table is intended for downstream statistics/visualization, with one row per image-mask context containing cross-module signatures.","Value comes from upstream grouped summaries (pandas groupby mean/median/std/sum/count/fraction) of morphology, interaction, or distribution metrics.","pandas (groupby, agg); infer-subc.quantification.batch","flattened per-image/per-mask summary metric for a specific object and metric family. combined table is intended for downstream statistics/visualization, with one row per image-mask context containing cross-module signatures"
total_lyso_mitoXLD_count,Flattened per-image/per-mask summary metric for a specific object and metric family.,"Combined table is intended for downstream statistics/visualization, with one row per image-mask context containing cross-module signatures.","Value comes from upstream grouped summaries (pandas groupby mean/median/std/sum/count/fraction) of morphology, interaction, or distribution metrics.","pandas (groupby, agg); infer-subc.quantification.batch","flattened per-image/per-mask summary metric for a specific object and metric family. combined table is intended for downstream statistics/visualization, with one row per image-mask context containing cross-module signatures"
total_golgi_mitoXLD_count,Flattened per-image/per-mask summary metric for a specific object and metric family.,"Combined table is intended for downstream statistics/visualization, with one row per image-mask context containing cross-module signatures.","Value comes from upstream grouped summaries (pandas groupby mean/median/std/sum/count/fraction) of morphology, interaction, or distribution metrics.","pandas (groupby, agg); infer-subc.quantification.batch","flattened per-image/per-mask summary metric for a specific object and metric family. combined table is intended for downstream statistics/visualization, with one row per image-mask context containing cross-module signatures"
total_perox_mitoXLD_count,Flattened per-image/per-mask summary metric for a specific object and metric family.,"Combined table is intended for downstream statistics/visualization, with one row per image-mask context containing cross-module signatures.","Value comes from upstream grouped summaries (pandas groupby mean/median/std/sum/count/fraction) of morphology, interaction, or distribution metrics.","pandas (groupby, agg); infer-subc.quantification.batch","flattened per-image/per-mask summary metric for a specific object and metric family. combined table is intended for downstream statistics/visualization, with one row per image-mask context containing cross-module signatures"
total_ER_mitoXLD_count,Flattened per-image/per-mask summary metric for a specific object and metric family.,"Combined table is intended for downstream statistics/visualization, with one row per image-mask context containing cross-module signatures.","Value comes from upstream grouped summaries (pandas groupby mean/median/std/sum/count/fraction) of morphology, interaction, or distribution metrics.","pandas (groupby, agg); infer-subc.quantification.batch","flattened per-image/per-mask summary metric for a specific object and metric family. combined table is intended for downstream statistics/visualization, with one row per image-mask context containing cross-module signatures"
total_LD_mitoXLD_count,Flattened per-image/per-mask summary metric for a specific object and metric family.,"Combined table is intended for downstream statistics/visualization, with one row per image-mask context containing cross-module signatures.","Value comes from upstream grouped summaries (pandas groupby mean/median/std/sum/count/fraction) of morphology, interaction, or distribution metrics.","pandas (groupby, agg); infer-subc.quantification.batch","flattened per-image/per-mask summary metric for a specific object and metric family. combined table is intended for downstream statistics/visualization, with one row per image-mask context containing cross-module signatures"
total_mito_lysoXperox_count,Flattened per-image/per-mask summary metric for a specific object and metric family.,"Combined table is intended for downstream statistics/visualization, with one row per image-mask context containing cross-module signatures.","Value comes from upstream grouped summaries (pandas groupby mean/median/std/sum/count/fraction) of morphology, interaction, or distribution metrics.","pandas (groupby, agg); infer-subc.quantification.batch","flattened per-image/per-mask summary metric for a specific object and metric family. combined table is intended for downstream statistics/visualization, with one row per image-mask context containing cross-module signatures"
total_lyso_lysoXperox_count,Flattened per-image/per-mask summary metric for a specific object and metric family.,"Combined table is intended for downstream statistics/visualization, with one row per image-mask context containing cross-module signatures.","Value comes from upstream grouped summaries (pandas groupby mean/median/std/sum/count/fraction) of morphology, interaction, or distribution metrics.","pandas (groupby, agg); infer-subc.quantification.batch","flattened per-image/per-mask summary metric for a specific object and metric family. combined table is intended for downstream statistics/visualization, with one row per image-mask context containing cross-module signatures"
total_golgi_lysoXperox_count,Flattened per-image/per-mask summary metric for a specific object and metric family.,"Combined table is intended for downstream statistics/visualization, with one row per image-mask context containing cross-module signatures.","Value comes from upstream grouped summaries (pandas groupby mean/median/std/sum/count/fraction) of morphology, interaction, or distribution metrics.","pandas (groupby, agg); infer-subc.quantification.batch","flattened per-image/per-mask summary metric for a specific object and metric family. combined table is intended for downstream statistics/visualization, with one row per image-mask context containing cross-module signatures"
total_perox_lysoXperox_count,Flattened per-image/per-mask summary metric for a specific object and metric family.,"Combined table is intended for downstream statistics/visualization, with one row per image-mask context containing cross-module signatures.","Value comes from upstream grouped summaries (pandas groupby mean/median/std/sum/count/fraction) of morphology, interaction, or distribution metrics.","pandas (groupby, agg); infer-subc.quantification.batch","flattened per-image/per-mask summary metric for a specific object and metric family. combined table is intended for downstream statistics/visualization, with one row per image-mask context containing cross-module signatures"
total_ER_lysoXperox_count,Flattened per-image/per-mask summary metric for a specific object and metric family.,"Combined table is intended for downstream statistics/visualization, with one row per image-mask context containing cross-module signatures.","Value comes from upstream grouped summaries (pandas groupby mean/median/std/sum/count/fraction) of morphology, interaction, or distribution metrics.","pandas (groupby, agg); infer-subc.quantification.batch","flattened per-image/per-mask summary metric for a specific object and metric family. combined table is intended for downstream statistics/visualization, with one row per image-mask context containing cross-module signatures"
total_LD_lysoXperox_count,Flattened per-image/per-mask summary metric for a specific object and metric family.,"Combined table is intended for downstream statistics/visualization, with one row per image-mask context containing cross-module signatures.","Value comes from upstream grouped summaries (pandas groupby mean/median/std/sum/count/fraction) of morphology, interaction, or distribution metrics.","pandas (groupby, agg); infer-subc.quantification.batch","flattened per-image/per-mask summary metric for a specific object and metric family. combined table is intended for downstream statistics/visualization, with one row per image-mask context containing cross-module signatures"
total_mito_lysoXER_count,Flattened per-image/per-mask summary metric for a specific object and metric family.,"Combined table is intended for downstream statistics/visualization, with one row per image-mask context containing cross-module signatures.","Value comes from upstream grouped summaries (pandas groupby mean/median/std/sum/count/fraction) of morphology, interaction, or distribution metrics.","pandas (groupby, agg); infer-subc.quantification.batch","flattened per-image/per-mask summary metric for a specific object and metric family. combined table is intended for downstream statistics/visualization, with one row per image-mask context containing cross-module signatures"
total_lyso_lysoXER_count,Flattened per-image/per-mask summary metric for a specific object and metric family.,"Combined table is intended for downstream statistics/visualization, with one row per image-mask context containing cross-module signatures.","Value comes from upstream grouped summaries (pandas groupby mean/median/std/sum/count/fraction) of morphology, interaction, or distribution metrics.","pandas (groupby, agg); infer-subc.quantification.batch","flattened per-image/per-mask summary metric for a specific object and metric family. combined table is intended for downstream statistics/visualization, with one row per image-mask context containing cross-module signatures"
total_golgi_lysoXER_count,Flattened per-image/per-mask summary metric for a specific object and metric family.,"Combined table is intended for downstream statistics/visualization, with one row per image-mask context containing cross-module signatures.","Value comes from upstream grouped summaries (pandas groupby mean/median/std/sum/count/fraction) of morphology, interaction, or distribution metrics.","pandas (groupby, agg); infer-subc.quantification.batch","flattened per-image/per-mask summary metric for a specific object and metric family. combined table is intended for downstream statistics/visualization, with one row per image-mask context containing cross-module signatures"
total_perox_lysoXER_count,Flattened per-image/per-mask summary metric for a specific object and metric family.,"Combined table is intended for downstream statistics/visualization, with one row per image-mask context containing cross-module signatures.","Value comes from upstream grouped summaries (pandas groupby mean/median/std/sum/count/fraction) of morphology, interaction, or distribution metrics.","pandas (groupby, agg); infer-subc.quantification.batch","flattened per-image/per-mask summary metric for a specific object and metric family. combined table is intended for downstream statistics/visualization, with one row per image-mask context containing cross-module signatures"
total_ER_lysoXER_count,Flattened per-image/per-mask summary metric for a specific object and metric family.,"Combined table is intended for downstream statistics/visualization, with one row per image-mask context containing cross-module signatures.","Value comes from upstream grouped summaries (pandas groupby mean/median/std/sum/count/fraction) of morphology, interaction, or distribution metrics.","pandas (groupby, agg); infer-subc.quantification.batch","flattened per-image/per-mask summary metric for a specific object and metric family. combined table is intended for downstream statistics/visualization, with one row per image-mask context containing cross-module signatures"
total_LD_lysoXER_count,Flattened per-image/per-mask summary metric for a specific object and metric family.,"Combined table is intended for downstream statistics/visualization, with one row per image-mask context containing cross-module signatures.","Value comes from upstream grouped summaries (pandas groupby mean/median/std/sum/count/fraction) of morphology, interaction, or distribution metrics.","pandas (groupby, agg); infer-subc.quantification.batch","flattened per-image/per-mask summary metric for a specific object and metric family. combined table is intended for downstream statistics/visualization, with one row per image-mask context containing cross-module signatures"
total_mito_golgiXER_count,Flattened per-image/per-mask summary metric for a specific object and metric family.,"Combined table is intended for downstream statistics/visualization, with one row per image-mask context containing cross-module signatures.","Value comes from upstream grouped summaries (pandas groupby mean/median/std/sum/count/fraction) of morphology, interaction, or distribution metrics.","pandas (groupby, agg); infer-subc.quantification.batch","flattened per-image/per-mask summary metric for a specific object and metric family. combined table is intended for downstream statistics/visualization, with one row per image-mask context containing cross-module signatures"
total_lyso_golgiXER_count,Flattened per-image/per-mask summary metric for a specific object and metric family.,"Combined table is intended for downstream statistics/visualization, with one row per image-mask context containing cross-module signatures.","Value comes from upstream grouped summaries (pandas groupby mean/median/std/sum/count/fraction) of morphology, interaction, or distribution metrics.","pandas (groupby, agg); infer-subc.quantification.batch","flattened per-image/per-mask summary metric for a specific object and metric family. combined table is intended for downstream statistics/visualization, with one row per image-mask context containing cross-module signatures"
total_golgi_golgiXER_count,Flattened per-image/per-mask summary metric for a specific object and metric family.,"Combined table is intended for downstream statistics/visualization, with one row per image-mask context containing cross-module signatures.","Value comes from upstream grouped summaries (pandas groupby mean/median/std/sum/count/fraction) of morphology, interaction, or distribution metrics.","pandas (groupby, agg); infer-subc.quantification.batch","flattened per-image/per-mask summary metric for a specific object and metric family. combined table is intended for downstream statistics/visualization, with one row per image-mask context containing cross-module signatures"
total_perox_golgiXER_count,Flattened per-image/per-mask summary metric for a specific object and metric family.,"Combined table is intended for downstream statistics/visualization, with one row per image-mask context containing cross-module signatures.","Value comes from upstream grouped summaries (pandas groupby mean/median/std/sum/count/fraction) of morphology, interaction, or distribution metrics.","pandas (groupby, agg); infer-subc.quantification.batch","flattened per-image/per-mask summary metric for a specific object and metric family. combined table is intended for downstream statistics/visualization, with one row per image-mask context containing cross-module signatures"
total_ER_golgiXER_count,Flattened per-image/per-mask summary metric for a specific object and metric family.,"Combined table is intended for downstream statistics/visualization, with one row per image-mask context containing cross-module signatures.","Value comes from upstream grouped summaries (pandas groupby mean/median/std/sum/count/fraction) of morphology, interaction, or distribution metrics.","pandas (groupby, agg); infer-subc.quantification.batch","flattened per-image/per-mask summary metric for a specific object and metric family. combined table is intended for downstream statistics/visualization, with one row per image-mask context containing cross-module signatures"
total_LD_golgiXER_count,Flattened per-image/per-mask summary metric for a specific object and metric family.,"Combined table is intended for downstream statistics/visualization, with one row per image-mask context containing cross-module signatures.","Value comes from upstream grouped summaries (pandas groupby mean/median/std/sum/count/fraction) of morphology, interaction, or distribution metrics.","pandas (groupby, agg); infer-subc.quantification.batch","flattened per-image/per-mask summary metric for a specific object and metric family. combined table is intended for downstream statistics/visualization, with one row per image-mask context containing cross-module signatures"
total_mito_peroxXER_count,Flattened per-image/per-mask summary metric for a specific object and metric family.,"Combined table is intended for downstream statistics/visualization, with one row per image-mask context containing cross-module signatures.","Value comes from upstream grouped summaries (pandas groupby mean/median/std/sum/count/fraction) of morphology, interaction, or distribution metrics.","pandas (groupby, agg); infer-subc.quantification.batch","flattened per-image/per-mask summary metric for a specific object and metric family. combined table is intended for downstream statistics/visualization, with one row per image-mask context containing cross-module signatures"
total_lyso_peroxXER_count,Flattened per-image/per-mask summary metric for a specific object and metric family.,"Combined table is intended for downstream statistics/visualization, with one row per image-mask context containing cross-module signatures.","Value comes from upstream grouped summaries (pandas groupby mean/median/std/sum/count/fraction) of morphology, interaction, or distribution metrics.","pandas (groupby, agg); infer-subc.quantification.batch","flattened per-image/per-mask summary metric for a specific object and metric family. combined table is intended for downstream statistics/visualization, with one row per image-mask context containing cross-module signatures"
total_golgi_peroxXER_count,Flattened per-image/per-mask summary metric for a specific object and metric family.,"Combined table is intended for downstream statistics/visualization, with one row per image-mask context containing cross-module signatures.","Value comes from upstream grouped summaries (pandas groupby mean/median/std/sum/count/fraction) of morphology, interaction, or distribution metrics.","pandas (groupby, agg); infer-subc.quantification.batch","flattened per-image/per-mask summary metric for a specific object and metric family. combined table is intended for downstream statistics/visualization, with one row per image-mask context containing cross-module signatures"
total_perox_peroxXER_count,Flattened per-image/per-mask summary metric for a specific object and metric family.,"Combined table is intended for downstream statistics/visualization, with one row per image-mask context containing cross-module signatures.","Value comes from upstream grouped summaries (pandas groupby mean/median/std/sum/count/fraction) of morphology, interaction, or distribution metrics.","pandas (groupby, agg); infer-subc.quantification.batch","flattened per-image/per-mask summary metric for a specific object and metric family. combined table is intended for downstream statistics/visualization, with one row per image-mask context containing cross-module signatures"
total_ER_peroxXER_count,Flattened per-image/per-mask summary metric for a specific object and metric family.,"Combined table is intended for downstream statistics/visualization, with one row per image-mask context containing cross-module signatures.","Value comes from upstream grouped summaries (pandas groupby mean/median/std/sum/count/fraction) of morphology, interaction, or distribution metrics.","pandas (groupby, agg); infer-subc.quantification.batch","flattened per-image/per-mask summary metric for a specific object and metric family. combined table is intended for downstream statistics/visualization, with one row per image-mask context containing cross-module signatures"
total_LD_peroxXER_count,Flattened per-image/per-mask summary metric for a specific object and metric family.,"Combined table is intended for downstream statistics/visualization, with one row per image-mask context containing cross-module signatures.","Value comes from upstream grouped summaries (pandas groupby mean/median/std/sum/count/fraction) of morphology, interaction, or distribution metrics.","pandas (groupby, agg); infer-subc.quantification.batch","flattened per-image/per-mask summary metric for a specific object and metric family. combined table is intended for downstream statistics/visualization, with one row per image-mask context containing cross-module signatures"
total_mito_mitoXlysoXER_count,Flattened per-image/per-mask summary metric for a specific object and metric family.,"Combined table is intended for downstream statistics/visualization, with one row per image-mask context containing cross-module signatures.","Value comes from upstream grouped summaries (pandas groupby mean/median/std/sum/count/fraction) of morphology, interaction, or distribution metrics.","pandas (groupby, agg); infer-subc.quantification.batch","flattened per-image/per-mask summary metric for a specific object and metric family. combined table is intended for downstream statistics/visualization, with one row per image-mask context containing cross-module signatures"
total_lyso_mitoXlysoXER_count,Flattened per-image/per-mask summary metric for a specific object and metric family.,"Combined table is intended for downstream statistics/visualization, with one row per image-mask context containing cross-module signatures.","Value comes from upstream grouped summaries (pandas groupby mean/median/std/sum/count/fraction) of morphology, interaction, or distribution metrics.","pandas (groupby, agg); infer-subc.quantification.batch","flattened per-image/per-mask summary metric for a specific object and metric family. combined table is intended for downstream statistics/visualization, with one row per image-mask context containing cross-module signatures"
total_golgi_mitoXlysoXER_count,Flattened per-image/per-mask summary metric for a specific object and metric family.,"Combined table is intended for downstream statistics/visualization, with one row per image-mask context containing cross-module signatures.","Value comes from upstream grouped summaries (pandas groupby mean/median/std/sum/count/fraction) of morphology, interaction, or distribution metrics.","pandas (groupby, agg); infer-subc.quantification.batch","flattened per-image/per-mask summary metric for a specific object and metric family. combined table is intended for downstream statistics/visualization, with one row per image-mask context containing cross-module signatures"
total_perox_mitoXlysoXER_count,Flattened per-image/per-mask summary metric for a specific object and metric family.,"Combined table is intended for downstream statistics/visualization, with one row per image-mask context containing cross-module signatures.","Value comes from upstream grouped summaries (pandas groupby mean/median/std/sum/count/fraction) of morphology, interaction, or distribution metrics.","pandas (groupby, agg); infer-subc.quantification.batch","flattened per-image/per-mask summary metric for a specific object and metric family. combined table is intended for downstream statistics/visualization, with one row per image-mask context containing cross-module signatures"
total_ER_mitoXlysoXER_count,Flattened per-image/per-mask summary metric for a specific object and metric family.,"Combined table is intended for downstream statistics/visualization, with one row per image-mask context containing cross-module signatures.","Value comes from upstream grouped summaries (pandas groupby mean/median/std/sum/count/fraction) of morphology, interaction, or distribution metrics.","pandas (groupby, agg); infer-subc.quantification.batch","flattened per-image/per-mask summary metric for a specific object and metric family. combined table is intended for downstream statistics/visualization, with one row per image-mask context containing cross-module signatures"
total_LD_mitoXlysoXER_count,Flattened per-image/per-mask summary metric for a specific object and metric family.,"Combined table is intended for downstream statistics/visualization, with one row per image-mask context containing cross-module signatures.","Value comes from upstream grouped summaries (pandas groupby mean/median/std/sum/count/fraction) of morphology, interaction, or distribution metrics.","pandas (groupby, agg); infer-subc.quantification.batch","flattened per-image/per-mask summary metric for a specific object and metric family. combined table is intended for downstream statistics/visualization, with one row per image-mask context containing cross-module signatures"
total_mito_mitoXlyso_volume,Flattened per-image/per-mask summary metric for a specific object and metric family.,"Combined table is intended for downstream statistics/visualization, with one row per image-mask context containing cross-module signatures.","Value comes from upstream grouped summaries (pandas groupby mean/median/std/sum/count/fraction) of morphology, interaction, or distribution metrics.","pandas (groupby, agg); infer-subc.quantification.batch","flattened per-image/per-mask summary metric for a specific object and metric family. combined table is intended for downstream statistics/visualization, with one row per image-mask context containing cross-module signatures"
total_lyso_mitoXlyso_volume,Flattened per-image/per-mask summary metric for a specific object and metric family.,"Combined table is intended for downstream statistics/visualization, with one row per image-mask context containing cross-module signatures.","Value comes from upstream grouped summaries (pandas groupby mean/median/std/sum/count/fraction) of morphology, interaction, or distribution metrics.","pandas (groupby, agg); infer-subc.quantification.batch","flattened per-image/per-mask summary metric for a specific object and metric family. combined table is intended for downstream statistics/visualization, with one row per image-mask context containing cross-module signatures"
total_golgi_mitoXlyso_volume,Flattened per-image/per-mask summary metric for a specific object and metric family.,"Combined table is intended for downstream statistics/visualization, with one row per image-mask context containing cross-module signatures.","Value comes from upstream grouped summaries (pandas groupby mean/median/std/sum/count/fraction) of morphology, interaction, or distribution metrics.","pandas (groupby, agg); infer-subc.quantification.batch","flattened per-image/per-mask summary metric for a specific object and metric family. combined table is intended for downstream statistics/visualization, with one row per image-mask context containing cross-module signatures"
total_perox_mitoXlyso_volume,Flattened per-image/per-mask summary metric for a specific object and metric family.,"Combined table is intended for downstream statistics/visualization, with one row per image-mask context containing cross-module signatures.","Value comes from upstream grouped summaries (pandas groupby mean/median/std/sum/count/fraction) of morphology, interaction, or distribution metrics.","pandas (groupby, agg); infer-subc.quantification.batch","flattened per-image/per-mask summary metric for a specific object and metric family. combined table is intended for downstream statistics/visualization, with one row per image-mask context containing cross-module signatures"
total_ER_mitoXlyso_volume,Flattened per-image/per-mask summary metric for a specific object and metric family.,"Combined table is intended for downstream statistics/visualization, with one row per image-mask context containing cross-module signatures.","Value comes from upstream grouped summaries (pandas groupby mean/median/std/sum/count/fraction) of morphology, interaction, or distribution metrics.","pandas (groupby, agg); infer-subc.quantification.batch","flattened per-image/per-mask summary metric for a specific object and metric family. combined table is intended for downstream statistics/visualization, with one row per image-mask context containing cross-module signatures"
total_LD_mitoXlyso_volume,Flattened per-image/per-mask summary metric for a specific object and metric family.,"Combined table is intended for downstream statistics/visualization, with one row per image-mask context containing cross-module signatures.","Value comes from upstream grouped summaries (pandas groupby mean/median/std/sum/count/fraction) of morphology, interaction, or distribution metrics.","pandas (groupby, agg); infer-subc.quantification.batch","flattened per-image/per-mask summary metric for a specific object and metric family. combined table is intended for downstream statistics/visualization, with one row per image-mask context containing cross-module signatures"
total_mito_mitoXgolgi_volume,Flattened per-image/per-mask summary metric for a specific object and metric family.,"Combined table is intended for downstream statistics/visualization, with one row per image-mask context containing cross-module signatures.","Value comes from upstream grouped summaries (pandas groupby mean/median/std/sum/count/fraction) of morphology, interaction, or distribution metrics.","pandas (groupby, agg); infer-subc.quantification.batch","flattened per-image/per-mask summary metric for a specific object and metric family. combined table is intended for downstream statistics/visualization, with one row per image-mask context containing cross-module signatures"
total_lyso_mitoXgolgi_volume,Flattened per-image/per-mask summary metric for a specific object and metric family.,"Combined table is intended for downstream statistics/visualization, with one row per image-mask context containing cross-module signatures.","Value comes from upstream grouped summaries (pandas groupby mean/median/std/sum/count/fraction) of morphology, interaction, or distribution metrics.","pandas (groupby, agg); infer-subc.quantification.batch","flattened per-image/per-mask summary metric for a specific object and metric family. combined table is intended for downstream statistics/visualization, with one row per image-mask context containing cross-module signatures"
total_golgi_mitoXgolgi_volume,Flattened per-image/per-mask summary metric for a specific object and metric family.,"Combined table is intended for downstream statistics/visualization, with one row per image-mask context containing cross-module signatures.","Value comes from upstream grouped summaries (pandas groupby mean/median/std/sum/count/fraction) of morphology, interaction, or distribution metrics.","pandas (groupby, agg); infer-subc.quantification.batch","flattened per-image/per-mask summary metric for a specific object and metric family. combined table is intended for downstream statistics/visualization, with one row per image-mask context containing cross-module signatures"
total_perox_mitoXgolgi_volume,Flattened per-image/per-mask summary metric for a specific object and metric family.,"Combined table is intended for downstream statistics/visualization, with one row per image-mask context containing cross-module signatures.","Value comes from upstream grouped summaries (pandas groupby mean/median/std/sum/count/fraction) of morphology, interaction, or distribution metrics.","pandas (groupby, agg); infer-subc.quantification.batch","flattened per-image/per-mask summary metric for a specific object and metric family. combined table is intended for downstream statistics/visualization, with one row per image-mask context containing cross-module signatures"
total_ER_mitoXgolgi_volume,Flattened per-image/per-mask summary metric for a specific object and metric family.,"Combined table is intended for downstream statistics/visualization, with one row per image-mask context containing cross-module signatures.","Value comes from upstream grouped summaries (pandas groupby mean/median/std/sum/count/fraction) of morphology, interaction, or distribution metrics.","pandas (groupby, agg); infer-subc.quantification.batch","flattened per-image/per-mask summary metric for a specific object and metric family. combined table is intended for downstream statistics/visualization, with one row per image-mask context containing cross-module signatures"
total_LD_mitoXgolgi_volume,Flattened per-image/per-mask summary metric for a specific object and metric family.,"Combined table is intended for downstream statistics/visualization, with one row per image-mask context containing cross-module signatures.","Value comes from upstream grouped summaries (pandas groupby mean/median/std/sum/count/fraction) of morphology, interaction, or distribution metrics.","pandas (groupby, agg); infer-subc.quantification.batch","flattened per-image/per-mask summary metric for a specific object and metric family. combined table is intended for downstream statistics/visualization, with one row per image-mask context containing cross-module signatures"
total_mito_mitoXperox_volume,Flattened per-image/per-mask summary metric for a specific object and metric family.,"Combined table is intended for downstream statistics/visualization, with one row per image-mask context containing cross-module signatures.","Value comes from upstream grouped summaries (pandas groupby mean/median/std/sum/count/fraction) of morphology, interaction, or distribution metrics.","pandas (groupby, agg); infer-subc.quantification.batch","flattened per-image/per-mask summary metric for a specific object and metric family. combined table is intended for downstream statistics/visualization, with one row per image-mask context containing cross-module signatures"
total_lyso_mitoXperox_volume,Flattened per-image/per-mask summary metric for a specific object and metric family.,"Combined table is intended for downstream statistics/visualization, with one row per image-mask context containing cross-module signatures.","Value comes from upstream grouped summaries (pandas groupby mean/median/std/sum/count/fraction) of morphology, interaction, or distribution metrics.","pandas (groupby, agg); infer-subc.quantification.batch","flattened per-image/per-mask summary metric for a specific object and metric family. combined table is intended for downstream statistics/visualization, with one row per image-mask context containing cross-module signatures"
total_golgi_mitoXperox_volume,Flattened per-image/per-mask summary metric for a specific object and metric family.,"Combined table is intended for downstream statistics/visualization, with one row per image-mask context containing cross-module signatures.","Value comes from upstream grouped summaries (pandas groupby mean/median/std/sum/count/fraction) of morphology, interaction, or distribution metrics.","pandas (groupby, agg); infer-subc.quantification.batch","flattened per-image/per-mask summary metric for a specific object and metric family. combined table is intended for downstream statistics/visualization, with one row per image-mask context containing cross-module signatures"
total_perox_mitoXperox_volume,Flattened per-image/per-mask summary metric for a specific object and metric family.,"Combined table is intended for downstream statistics/visualization, with one row per image-mask context containing cross-module signatures.","Value comes from upstream grouped summaries (pandas groupby mean/median/std/sum/count/fraction) of morphology, interaction, or distribution metrics.","pandas (groupby, agg); infer-subc.quantification.batch","flattened per-image/per-mask summary metric for a specific object and metric family. combined table is intended for downstream statistics/visualization, with one row per image-mask context containing cross-module signatures"
total_ER_mitoXperox_volume,Flattened per-image/per-mask summary metric for a specific object and metric family.,"Combined table is intended for downstream statistics/visualization, with one row per image-mask context containing cross-module signatures.","Value comes from upstream grouped summaries (pandas groupby mean/median/std/sum/count/fraction) of morphology, interaction, or distribution metrics.","pandas (groupby, agg); infer-subc.quantification.batch","flattened per-image/per-mask summary metric for a specific object and metric family. combined table is intended for downstream statistics/visualization, with one row per image-mask context containing cross-module signatures"
total_LD_mitoXperox_volume,Flattened per-image/per-mask summary metric for a specific object and metric family.,"Combined table is intended for downstream statistics/visualization, with one row per image-mask context containing cross-module signatures.","Value comes from upstream grouped summaries (pandas groupby mean/median/std/sum/count/fraction) of morphology, interaction, or distribution metrics.","pandas (groupby, agg); infer-subc.quantification.batch","flattened per-image/per-mask summary metric for a specific object and metric family. combined table is intended for downstream statistics/visualization, with one row per image-mask context containing cross-module signatures"
total_mito_mitoXER_volume,Flattened per-image/per-mask summary metric for a specific object and metric family.,"Combined table is intended for downstream statistics/visualization, with one row per image-mask context containing cross-module signatures.","Value comes from upstream grouped summaries (pandas groupby mean/median/std/sum/count/fraction) of morphology, interaction, or distribution metrics.","pandas (groupby, agg); infer-subc.quantification.batch","flattened per-image/per-mask summary metric for a specific object and metric family. combined table is intended for downstream statistics/visualization, with one row per image-mask context containing cross-module signatures"
total_lyso_mitoXER_volume,Flattened per-image/per-mask summary metric for a specific object and metric family.,"Combined table is intended for downstream statistics/visualization, with one row per image-mask context containing cross-module signatures.","Value comes from upstream grouped summaries (pandas groupby mean/median/std/sum/count/fraction) of morphology, interaction, or distribution metrics.","pandas (groupby, agg); infer-subc.quantification.batch","flattened per-image/per-mask summary metric for a specific object and metric family. combined table is intended for downstream statistics/visualization, with one row per image-mask context containing cross-module signatures"
total_golgi_mitoXER_volume,Flattened per-image/per-mask summary metric for a specific object and metric family.,"Combined table is intended for downstream statistics/visualization, with one row per image-mask context containing cross-module signatures.","Value comes from upstream grouped summaries (pandas groupby mean/median/std/sum/count/fraction) of morphology, interaction, or distribution metrics.","pandas (groupby, agg); infer-subc.quantification.batch","flattened per-image/per-mask summary metric for a specific object and metric family. combined table is intended for downstream statistics/visualization, with one row per image-mask context containing cross-module signatures"
total_perox_mitoXER_volume,Flattened per-image/per-mask summary metric for a specific object and metric family.,"Combined table is intended for downstream statistics/visualization, with one row per image-mask context containing cross-module signatures.","Value comes from upstream grouped summaries (pandas groupby mean/median/std/sum/count/fraction) of morphology, interaction, or distribution metrics.","pandas (groupby, agg); infer-subc.quantification.batch","flattened per-image/per-mask summary metric for a specific object and metric family. combined table is intended for downstream statistics/visualization, with one row per image-mask context containing cross-module signatures"
total_ER_mitoXER_volume,Flattened per-image/per-mask summary metric for a specific object and metric family.,"Combined table is intended for downstream statistics/visualization, with one row per image-mask context containing cross-module signatures.","Value comes from upstream grouped summaries (pandas groupby mean/median/std/sum/count/fraction) of morphology, interaction, or distribution metrics.","pandas (groupby, agg); infer-subc.quantification.batch","flattened per-image/per-mask summary metric for a specific object and metric family. combined table is intended for downstream statistics/visualization, with one row per image-mask context containing cross-module signatures"
total_LD_mitoXER_volume,Flattened per-image/per-mask summary metric for a specific object and metric family.,"Combined table is intended for downstream statistics/visualization, with one row per image-mask context containing cross-module signatures.","Value comes from upstream grouped summaries (pandas groupby mean/median/std/sum/count/fraction) of morphology, interaction, or distribution metrics.","pandas (groupby, agg); infer-subc.quantification.batch","flattened per-image/per-mask summary metric for a specific object and metric family. combined table is intended for downstream statistics/visualization, with one row per image-mask context containing cross-module signatures"
total_mito_mitoXLD_volume,Flattened per-image/per-mask summary metric for a specific object and metric family.,"Combined table is intended for downstream statistics/visualization, with one row per image-mask context containing cross-module signatures.","Value comes from upstream grouped summaries (pandas groupby mean/median/std/sum/count/fraction) of morphology, interaction, or distribution metrics.","pandas (groupby, agg); infer-subc.quantification.batch","flattened per-image/per-mask summary metric for a specific object and metric family. combined table is intended for downstream statistics/visualization, with one row per image-mask context containing cross-module signatures"
total_lyso_mitoXLD_volume,Flattened per-image/per-mask summary metric for a specific object and metric family.,"Combined table is intended for downstream statistics/visualization, with one row per image-mask context containing cross-module signatures.","Value comes from upstream grouped summaries (pandas groupby mean/median/std/sum/count/fraction) of morphology, interaction, or distribution metrics.","pandas (groupby, agg); infer-subc.quantification.batch","flattened per-image/per-mask summary metric for a specific object and metric family. combined table is intended for downstream statistics/visualization, with one row per image-mask context containing cross-module signatures"
total_golgi_mitoXLD_volume,Flattened per-image/per-mask summary metric for a specific object and metric family.,"Combined table is intended for downstream statistics/visualization, with one row per image-mask context containing cross-module signatures.","Value comes from upstream grouped summaries (pandas groupby mean/median/std/sum/count/fraction) of morphology, interaction, or distribution metrics.","pandas (groupby, agg); infer-subc.quantification.batch","flattened per-image/per-mask summary metric for a specific object and metric family. combined table is intended for downstream statistics/visualization, with one row per image-mask context containing cross-module signatures"
total_perox_mitoXLD_volume,Flattened per-image/per-mask summary metric for a specific object and metric family.,"Combined table is intended for downstream statistics/visualization, with one row per image-mask context containing cross-module signatures.","Value comes from upstream grouped summaries (pandas groupby mean/median/std/sum/count/fraction) of morphology, interaction, or distribution metrics.","pandas (groupby, agg); infer-subc.quantification.batch","flattened per-image/per-mask summary metric for a specific object and metric family. combined table is intended for downstream statistics/visualization, with one row per image-mask context containing cross-module signatures"
total_ER_mitoXLD_volume,Flattened per-image/per-mask summary metric for a specific object and metric family.,"Combined table is intended for downstream statistics/visualization, with one row per image-mask context containing cross-module signatures.","Value comes from upstream grouped summaries (pandas groupby mean/median/std/sum/count/fraction) of morphology, interaction, or distribution metrics.","pandas (groupby, agg); infer-subc.quantification.batch","flattened per-image/per-mask summary metric for a specific object and metric family. combined table is intended for downstream statistics/visualization, with one row per image-mask context containing cross-module signatures"
total_LD_mitoXLD_volume,Flattened per-image/per-mask summary metric for a specific object and metric family.,"Combined table is intended for downstream statistics/visualization, with one row per image-mask context containing cross-module signatures.","Value comes from upstream grouped summaries (pandas groupby mean/median/std/sum/count/fraction) of morphology, interaction, or distribution metrics.","pandas (groupby, agg); infer-subc.quantification.batch","flattened per-image/per-mask summary metric for a specific object and metric family. combined table is intended for downstream statistics/visualization, with one row per image-mask context containing cross-module signatures"
total_mito_lysoXperox_volume,Flattened per-image/per-mask summary metric for a specific object and metric family.,"Combined table is intended for downstream statistics/visualization, with one row per image-mask context containing cross-module signatures.","Value comes from upstream grouped summaries (pandas groupby mean/median/std/sum/count/fraction) of morphology, interaction, or distribution metrics.","pandas (groupby, agg); infer-subc.quantification.batch","flattened per-image/per-mask summary metric for a specific object and metric family. combined table is intended for downstream statistics/visualization, with one row per image-mask context containing cross-module signatures"
total_lyso_lysoXperox_volume,Flattened per-image/per-mask summary metric for a specific object and metric family.,"Combined table is intended for downstream statistics/visualization, with one row per image-mask context containing cross-module signatures.","Value comes from upstream grouped summaries (pandas groupby mean/median/std/sum/count/fraction) of morphology, interaction, or distribution metrics.","pandas (groupby, agg); infer-subc.quantification.batch","flattened per-image/per-mask summary metric for a specific object and metric family. combined table is intended for downstream statistics/visualization, with one row per image-mask context containing cross-module signatures"
total_golgi_lysoXperox_volume,Flattened per-image/per-mask summary metric for a specific object and metric family.,"Combined table is intended for downstream statistics/visualization, with one row per image-mask context containing cross-module signatures.","Value comes from upstream grouped summaries (pandas groupby mean/median/std/sum/count/fraction) of morphology, interaction, or distribution metrics.","pandas (groupby, agg); infer-subc.quantification.batch","flattened per-image/per-mask summary metric for a specific object and metric family. combined table is intended for downstream statistics/visualization, with one row per image-mask context containing cross-module signatures"
total_perox_lysoXperox_volume,Flattened per-image/per-mask summary metric for a specific object and metric family.,"Combined table is intended for downstream statistics/visualization, with one row per image-mask context containing cross-module signatures.","Value comes from upstream grouped summaries (pandas groupby mean/median/std/sum/count/fraction) of morphology, interaction, or distribution metrics.","pandas (groupby, agg); infer-subc.quantification.batch","flattened per-image/per-mask summary metric for a specific object and metric family. combined table is intended for downstream statistics/visualization, with one row per image-mask context containing cross-module signatures"
total_ER_lysoXperox_volume,Flattened per-image/per-mask summary metric for a specific object and metric family.,"Combined table is intended for downstream statistics/visualization, with one row per image-mask context containing cross-module signatures.","Value comes from upstream grouped summaries (pandas groupby mean/median/std/sum/count/fraction) of morphology, interaction, or distribution metrics.","pandas (groupby, agg); infer-subc.quantification.batch","flattened per-image/per-mask summary metric for a specific object and metric family. combined table is intended for downstream statistics/visualization, with one row per image-mask context containing cross-module signatures"
total_LD_lysoXperox_volume,Flattened per-image/per-mask summary metric for a specific object and metric family.,"Combined table is intended for downstream statistics/visualization, with one row per image-mask context containing cross-module signatures.","Value comes from upstream grouped summaries (pandas groupby mean/median/std/sum/count/fraction) of morphology, interaction, or distribution metrics.","pandas (groupby, agg); infer-subc.quantification.batch","flattened per-image/per-mask summary metric for a specific object and metric family. combined table is intended for downstream statistics/visualization, with one row per image-mask context containing cross-module signatures"
total_mito_lysoXER_volume,Flattened per-image/per-mask summary metric for a specific object and metric family.,"Combined table is intended for downstream statistics/visualization, with one row per image-mask context containing cross-module signatures.","Value comes from upstream grouped summaries (pandas groupby mean/median/std/sum/count/fraction) of morphology, interaction, or distribution metrics.","pandas (groupby, agg); infer-subc.quantification.batch","flattened per-image/per-mask summary metric for a specific object and metric family. combined table is intended for downstream statistics/visualization, with one row per image-mask context containing cross-module signatures"
total_lyso_lysoXER_volume,Flattened per-image/per-mask summary metric for a specific object and metric family.,"Combined table is intended for downstream statistics/visualization, with one row per image-mask context containing cross-module signatures.","Value comes from upstream grouped summaries (pandas groupby mean/median/std/sum/count/fraction) of morphology, interaction, or distribution metrics.","pandas (groupby, agg); infer-subc.quantification.batch","flattened per-image/per-mask summary metric for a specific object and metric family. combined table is intended for downstream statistics/visualization, with one row per image-mask context containing cross-module signatures"
total_golgi_lysoXER_volume,Flattened per-image/per-mask summary metric for a specific object and metric family.,"Combined table is intended for downstream statistics/visualization, with one row per image-mask context containing cross-module signatures.","Value comes from upstream grouped summaries (pandas groupby mean/median/std/sum/count/fraction) of morphology, interaction, or distribution metrics.","pandas (groupby, agg); infer-subc.quantification.batch","flattened per-image/per-mask summary metric for a specific object and metric family. combined table is intended for downstream statistics/visualization, with one row per image-mask context containing cross-module signatures"
total_perox_lysoXER_volume,Flattened per-image/per-mask summary metric for a specific object and metric family.,"Combined table is intended for downstream statistics/visualization, with one row per image-mask context containing cross-module signatures.","Value comes from upstream grouped summaries (pandas groupby mean/median/std/sum/count/fraction) of morphology, interaction, or distribution metrics.","pandas (groupby, agg); infer-subc.quantification.batch","flattened per-image/per-mask summary metric for a specific object and metric family. combined table is intended for downstream statistics/visualization, with one row per image-mask context containing cross-module signatures"
total_ER_lysoXER_volume,Flattened per-image/per-mask summary metric for a specific object and metric family.,"Combined table is intended for downstream statistics/visualization, with one row per image-mask context containing cross-module signatures.","Value comes from upstream grouped summaries (pandas groupby mean/median/std/sum/count/fraction) of morphology, interaction, or distribution metrics.","pandas (groupby, agg); infer-subc.quantification.batch","flattened per-image/per-mask summary metric for a specific object and metric family. combined table is intended for downstream statistics/visualization, with one row per image-mask context containing cross-module signatures"
total_LD_lysoXER_volume,Flattened per-image/per-mask summary metric for a specific object and metric family.,"Combined table is intended for downstream statistics/visualization, with one row per image-mask context containing cross-module signatures.","Value comes from upstream grouped summaries (pandas groupby mean/median/std/sum/count/fraction) of morphology, interaction, or distribution metrics.","pandas (groupby, agg); infer-subc.quantification.batch","flattened per-image/per-mask summary metric for a specific object and metric family. combined table is intended for downstream statistics/visualization, with one row per image-mask context containing cross-module signatures"
total_mito_golgiXER_volume,Flattened per-image/per-mask summary metric for a specific object and metric family.,"Combined table is intended for downstream statistics/visualization, with one row per image-mask context containing cross-module signatures.","Value comes from upstream grouped summaries (pandas groupby mean/median/std/sum/count/fraction) of morphology, interaction, or distribution metrics.","pandas (groupby, agg); infer-subc.quantification.batch","flattened per-image/per-mask summary metric for a specific object and metric family. combined table is intended for downstream statistics/visualization, with one row per image-mask context containing cross-module signatures"
total_lyso_golgiXER_volume,Flattened per-image/per-mask summary metric for a specific object and metric family.,"Combined table is intended for downstream statistics/visualization, with one row per image-mask context containing cross-module signatures.","Value comes from upstream grouped summaries (pandas groupby mean/median/std/sum/count/fraction) of morphology, interaction, or distribution metrics.","pandas (groupby, agg); infer-subc.quantification.batch","flattened per-image/per-mask summary metric for a specific object and metric family. combined table is intended for downstream statistics/visualization, with one row per image-mask context containing cross-module signatures"
total_golgi_golgiXER_volume,Flattened per-image/per-mask summary metric for a specific object and metric family.,"Combined table is intended for downstream statistics/visualization, with one row per image-mask context containing cross-module signatures.","Value comes from upstream grouped summaries (pandas groupby mean/median/std/sum/count/fraction) of morphology, interaction, or distribution metrics.","pandas (groupby, agg); infer-subc.quantification.batch","flattened per-image/per-mask summary metric for a specific object and metric family. combined table is intended for downstream statistics/visualization, with one row per image-mask context containing cross-module signatures"
total_perox_golgiXER_volume,Flattened per-image/per-mask summary metric for a specific object and metric family.,"Combined table is intended for downstream statistics/visualization, with one row per image-mask context containing cross-module signatures.","Value comes from upstream grouped summaries (pandas groupby mean/median/std/sum/count/fraction) of morphology, interaction, or distribution metrics.","pandas (groupby, agg); infer-subc.quantification.batch","flattened per-image/per-mask summary metric for a specific object and metric family. combined table is intended for downstream statistics/visualization, with one row per image-mask context containing cross-module signatures"
total_ER_golgiXER_volume,Flattened per-image/per-mask summary metric for a specific object and metric family.,"Combined table is intended for downstream statistics/visualization, with one row per image-mask context containing cross-module signatures.","Value comes from upstream grouped summaries (pandas groupby mean/median/std/sum/count/fraction) of morphology, interaction, or distribution metrics.","pandas (groupby, agg); infer-subc.quantification.batch","flattened per-image/per-mask summary metric for a specific object and metric family. combined table is intended for downstream statistics/visualization, with one row per image-mask context containing cross-module signatures"
total_LD_golgiXER_volume,Flattened per-image/per-mask summary metric for a specific object and metric family.,"Combined table is intended for downstream statistics/visualization, with one row per image-mask context containing cross-module signatures.","Value comes from upstream grouped summaries (pandas groupby mean/median/std/sum/count/fraction) of morphology, interaction, or distribution metrics.","pandas (groupby, agg); infer-subc.quantification.batch","flattened per-image/per-mask summary metric for a specific object and metric family. combined table is intended for downstream statistics/visualization, with one row per image-mask context containing cross-module signatures"
total_mito_peroxXER_volume,Flattened per-image/per-mask summary metric for a specific object and metric family.,"Combined table is intended for downstream statistics/visualization, with one row per image-mask context containing cross-module signatures.","Value comes from upstream grouped summaries (pandas groupby mean/median/std/sum/count/fraction) of morphology, interaction, or distribution metrics.","pandas (groupby, agg); infer-subc.quantification.batch","flattened per-image/per-mask summary metric for a specific object and metric family. combined table is intended for downstream statistics/visualization, with one row per image-mask context containing cross-module signatures"
total_lyso_peroxXER_volume,Flattened per-image/per-mask summary metric for a specific object and metric family.,"Combined table is intended for downstream statistics/visualization, with one row per image-mask context containing cross-module signatures.","Value comes from upstream grouped summaries (pandas groupby mean/median/std/sum/count/fraction) of morphology, interaction, or distribution metrics.","pandas (groupby, agg); infer-subc.quantification.batch","flattened per-image/per-mask summary metric for a specific object and metric family. combined table is intended for downstream statistics/visualization, with one row per image-mask context containing cross-module signatures"
total_golgi_peroxXER_volume,Flattened per-image/per-mask summary metric for a specific object and metric family.,"Combined table is intended for downstream statistics/visualization, with one row per image-mask context containing cross-module signatures.","Value comes from upstream grouped summaries (pandas groupby mean/median/std/sum/count/fraction) of morphology, interaction, or distribution metrics.","pandas (groupby, agg); infer-subc.quantification.batch","flattened per-image/per-mask summary metric for a specific object and metric family. combined table is intended for downstream statistics/visualization, with one row per image-mask context containing cross-module signatures"
total_perox_peroxXER_volume,Flattened per-image/per-mask summary metric for a specific object and metric family.,"Combined table is intended for downstream statistics/visualization, with one row per image-mask context containing cross-module signatures.","Value comes from upstream grouped summaries (pandas groupby mean/median/std/sum/count/fraction) of morphology, interaction, or distribution metrics.","pandas (groupby, agg); infer-subc.quantification.batch","flattened per-image/per-mask summary metric for a specific object and metric family. combined table is intended for downstream statistics/visualization, with one row per image-mask context containing cross-module signatures"
total_ER_peroxXER_volume,Flattened per-image/per-mask summary metric for a specific object and metric family.,"Combined table is intended for downstream statistics/visualization, with one row per image-mask context containing cross-module signatures.","Value comes from upstream grouped summaries (pandas groupby mean/median/std/sum/count/fraction) of morphology, interaction, or distribution metrics.","pandas (groupby, agg); infer-subc.quantification.batch","flattened per-image/per-mask summary metric for a specific object and metric family. combined table is intended for downstream statistics/visualization, with one row per image-mask context containing cross-module signatures"
total_LD_peroxXER_volume,Flattened per-image/per-mask summary metric for a specific object and metric family.,"Combined table is intended for downstream statistics/visualization, with one row per image-mask context containing cross-module signatures.","Value comes from upstream grouped summaries (pandas groupby mean/median/std/sum/count/fraction) of morphology, interaction, or distribution metrics.","pandas (groupby, agg); infer-subc.quantification.batch","flattened per-image/per-mask summary metric for a specific object and metric family. combined table is intended for downstream statistics/visualization, with one row per image-mask context containing cross-module signatures"
total_mito_mitoXlysoXER_volume,Flattened per-image/per-mask summary metric for a specific object and metric family.,"Combined table is intended for downstream statistics/visualization, with one row per image-mask context containing cross-module signatures.","Value comes from upstream grouped summaries (pandas groupby mean/median/std/sum/count/fraction) of morphology, interaction, or distribution metrics.","pandas (groupby, agg); infer-subc.quantification.batch","flattened per-image/per-mask summary metric for a specific object and metric family. combined table is intended for downstream statistics/visualization, with one row per image-mask context containing cross-module signatures"
total_lyso_mitoXlysoXER_volume,Flattened per-image/per-mask summary metric for a specific object and metric family.,"Combined table is intended for downstream statistics/visualization, with one row per image-mask context containing cross-module signatures.","Value comes from upstream grouped summaries (pandas groupby mean/median/std/sum/count/fraction) of morphology, interaction, or distribution metrics.","pandas (groupby, agg); infer-subc.quantification.batch","flattened per-image/per-mask summary metric for a specific object and metric family. combined table is intended for downstream statistics/visualization, with one row per image-mask context containing cross-module signatures"
total_golgi_mitoXlysoXER_volume,Flattened per-image/per-mask summary metric for a specific object and metric family.,"Combined table is intended for downstream statistics/visualization, with one row per image-mask context containing cross-module signatures.","Value comes from upstream grouped summaries (pandas groupby mean/median/std/sum/count/fraction) of morphology, interaction, or distribution metrics.","pandas (groupby, agg); infer-subc.quantification.batch","flattened per-image/per-mask summary metric for a specific object and metric family. combined table is intended for downstream statistics/visualization, with one row per image-mask context containing cross-module signatures"
total_perox_mitoXlysoXER_volume,Flattened per-image/per-mask summary metric for a specific object and metric family.,"Combined table is intended for downstream statistics/visualization, with one row per image-mask context containing cross-module signatures.","Value comes from upstream grouped summaries (pandas groupby mean/median/std/sum/count/fraction) of morphology, interaction, or distribution metrics.","pandas (groupby, agg); infer-subc.quantification.batch","flattened per-image/per-mask summary metric for a specific object and metric family. combined table is intended for downstream statistics/visualization, with one row per image-mask context containing cross-module signatures"
total_ER_mitoXlysoXER_volume,Flattened per-image/per-mask summary metric for a specific object and metric family.,"Combined table is intended for downstream statistics/visualization, with one row per image-mask context containing cross-module signatures.","Value comes from upstream grouped summaries (pandas groupby mean/median/std/sum/count/fraction) of morphology, interaction, or distribution metrics.","pandas (groupby, agg); infer-subc.quantification.batch","flattened per-image/per-mask summary metric for a specific object and metric family. combined table is intended for downstream statistics/visualization, with one row per image-mask context containing cross-module signatures"
total_LD_mitoXlysoXER_volume,Flattened per-image/per-mask summary metric for a specific object and metric family.,"Combined table is intended for downstream statistics/visualization, with one row per image-mask context containing cross-module signatures.","Value comes from upstream grouped summaries (pandas groupby mean/median/std/sum/count/fraction) of morphology, interaction, or distribution metrics.","pandas (groupby, agg); infer-subc.quantification.batch","flattened per-image/per-mask summary metric for a specific object and metric family. combined table is intended for downstream statistics/visualization, with one row per image-mask context containing cross-module signatures"
XY_bins_hist_mean_mito,Flattened distribution or interaction-degree feature for a specific object.,Preserves spatial/network descriptors in the final per-image feature signature.,Copied from corresponding upstream table after per-image computation; underlying math is unchanged from those source modules.,infer-subc quantification modules; pandas (table-level joins),"Histogram MEAN_MITO of spatial occupancy profiles provides a single interpretable summary of organelle localization patterns. For example, histogram mean indicates the weighted average position of organelle localization, while histogram variance captures the spread of this distribution. These statistics compress high-dimensional spatial data into biologically interpretable descriptors."
XY_bins_hist_mean_lyso,Flattened distribution or interaction-degree feature for a specific object.,Preserves spatial/network descriptors in the final per-image feature signature.,Copied from corresponding upstream table after per-image computation; underlying math is unchanged from those source modules.,infer-subc quantification modules; pandas (table-level joins),"Histogram MEAN_LYSO of spatial occupancy profiles provides a single interpretable summary of organelle localization patterns. For example, histogram mean indicates the weighted average position of organelle localization, while histogram variance captures the spread of this distribution. These statistics compress high-dimensional spatial data into biologically interpretable descriptors."
XY_bins_hist_mean_golgi,Flattened distribution or interaction-degree feature for a specific object.,Preserves spatial/network descriptors in the final per-image feature signature.,Copied from corresponding upstream table after per-image computation; underlying math is unchanged from those source modules.,infer-subc quantification modules; pandas (table-level joins),"Histogram MEAN_GOLGI of spatial occupancy profiles provides a single interpretable summary of organelle localization patterns. For example, histogram mean indicates the weighted average position of organelle localization, while histogram variance captures the spread of this distribution. These statistics compress high-dimensional spatial data into biologically interpretable descriptors."
XY_bins_hist_mean_ER,Flattened distribution or interaction-degree feature for a specific object.,Preserves spatial/network descriptors in the final per-image feature signature.,Copied from corresponding upstream table after per-image computation; underlying math is unchanged from those source modules.,infer-subc quantification modules; pandas (table-level joins),"Histogram MEAN_ER of spatial occupancy profiles provides a single interpretable summary of organelle localization patterns. For example, histogram mean indicates the weighted average position of organelle localization, while histogram variance captures the spread of this distribution. These statistics compress high-dimensional spatial data into biologically interpretable descriptors."
XY_bins_hist_mean_nuc,Flattened distribution or interaction-degree feature for a specific object.,Preserves spatial/network descriptors in the final per-image feature signature.,Copied from corresponding upstream table after per-image computation; underlying math is unchanged from those source modules.,infer-subc quantification modules; pandas (table-level joins),"Histogram MEAN_NUC of spatial occupancy profiles provides a single interpretable summary of organelle localization patterns. For example, histogram mean indicates the weighted average position of organelle localization, while histogram variance captures the spread of this distribution. These statistics compress high-dimensional spatial data into biologically interpretable descriptors."
XY_bins_hist_mean_cell,Flattened distribution or interaction-degree feature for a specific object.,Preserves spatial/network descriptors in the final per-image feature signature.,Copied from corresponding upstream table after per-image computation; underlying math is unchanged from those source modules.,infer-subc quantification modules; pandas (table-level joins),"Histogram MEAN_CELL of spatial occupancy profiles provides a single interpretable summary of organelle localization patterns. For example, histogram mean indicates the weighted average position of organelle localization, while histogram variance captures the spread of this distribution. These statistics compress high-dimensional spatial data into biologically interpretable descriptors."
XY_bins_hist_mean_mitoXlyso,Flattened distribution or interaction-degree feature for a specific object.,Preserves spatial/network descriptors in the final per-image feature signature.,Copied from corresponding upstream table after per-image computation; underlying math is unchanged from those source modules.,infer-subc quantification modules; pandas (table-level joins),"Histogram MEAN_MITOXLYSO of spatial occupancy profiles provides a single interpretable summary of organelle localization patterns. For example, histogram mean indicates the weighted average position of organelle localization, while histogram variance captures the spread of this distribution. These statistics compress high-dimensional spatial data into biologically interpretable descriptors."
XY_bins_hist_mean_mitoXER,Flattened distribution or interaction-degree feature for a specific object.,Preserves spatial/network descriptors in the final per-image feature signature.,Copied from corresponding upstream table after per-image computation; underlying math is unchanged from those source modules.,infer-subc quantification modules; pandas (table-level joins),"Histogram MEAN_MITOXER of spatial occupancy profiles provides a single interpretable summary of organelle localization patterns. For example, histogram mean indicates the weighted average position of organelle localization, while histogram variance captures the spread of this distribution. These statistics compress high-dimensional spatial data into biologically interpretable descriptors."
XY_bins_hist_mean_mitoXlysoXER,Flattened distribution or interaction-degree feature for a specific object.,Preserves spatial/network descriptors in the final per-image feature signature.,Copied from corresponding upstream table after per-image computation; underlying math is unchanged from those source modules.,infer-subc quantification modules; pandas (table-level joins),"Histogram MEAN_MITOXLYSOXER of spatial occupancy profiles provides a single interpretable summary of organelle localization patterns. For example, histogram mean indicates the weighted average position of organelle localization, while histogram variance captures the spread of this distribution. These statistics compress high-dimensional spatial data into biologically interpretable descriptors."
XY_wedges_hist_stdev_mito,Flattened distribution or interaction-degree feature for a specific object.,Preserves spatial/network descriptors in the final per-image feature signature.,Copied from corresponding upstream table after per-image computation; underlying math is unchanged from those source modules.,infer-subc quantification modules; pandas (table-level joins),"Histogram STDEV_MITO of spatial occupancy profiles provides a single interpretable summary of organelle localization patterns. For example, histogram mean indicates the weighted average position of organelle localization, while histogram variance captures the spread of this distribution. These statistics compress high-dimensional spatial data into biologically interpretable descriptors."
XY_wedges_hist_stdev_lyso,Flattened distribution or interaction-degree feature for a specific object.,Preserves spatial/network descriptors in the final per-image feature signature.,Copied from corresponding upstream table after per-image computation; underlying math is unchanged from those source modules.,infer-subc quantification modules; pandas (table-level joins),"Histogram STDEV_LYSO of spatial occupancy profiles provides a single interpretable summary of organelle localization patterns. For example, histogram mean indicates the weighted average position of organelle localization, while histogram variance captures the spread of this distribution. These statistics compress high-dimensional spatial data into biologically interpretable descriptors."
XY_wedges_hist_stdev_golgi,Flattened distribution or interaction-degree feature for a specific object.,Preserves spatial/network descriptors in the final per-image feature signature.,Copied from corresponding upstream table after per-image computation; underlying math is unchanged from those source modules.,infer-subc quantification modules; pandas (table-level joins),"Histogram STDEV_GOLGI of spatial occupancy profiles provides a single interpretable summary of organelle localization patterns. For example, histogram mean indicates the weighted average position of organelle localization, while histogram variance captures the spread of this distribution. These statistics compress high-dimensional spatial data into biologically interpretable descriptors."
XY_wedges_hist_stdev_ER,Flattened distribution or interaction-degree feature for a specific object.,Preserves spatial/network descriptors in the final per-image feature signature.,Copied from corresponding upstream table after per-image computation; underlying math is unchanged from those source modules.,infer-subc quantification modules; pandas (table-level joins),"Histogram STDEV_ER of spatial occupancy profiles provides a single interpretable summary of organelle localization patterns. For example, histogram mean indicates the weighted average position of organelle localization, while histogram variance captures the spread of this distribution. These statistics compress high-dimensional spatial data into biologically interpretable descriptors."
XY_wedges_hist_stdev_nuc,Flattened distribution or interaction-degree feature for a specific object.,Preserves spatial/network descriptors in the final per-image feature signature.,Copied from corresponding upstream table after per-image computation; underlying math is unchanged from those source modules.,infer-subc quantification modules; pandas (table-level joins),"Histogram STDEV_NUC of spatial occupancy profiles provides a single interpretable summary of organelle localization patterns. For example, histogram mean indicates the weighted average position of organelle localization, while histogram variance captures the spread of this distribution. These statistics compress high-dimensional spatial data into biologically interpretable descriptors."
XY_wedges_hist_stdev_cell,Flattened distribution or interaction-degree feature for a specific object.,Preserves spatial/network descriptors in the final per-image feature signature.,Copied from corresponding upstream table after per-image computation; underlying math is unchanged from those source modules.,infer-subc quantification modules; pandas (table-level joins),"Histogram STDEV_CELL of spatial occupancy profiles provides a single interpretable summary of organelle localization patterns. For example, histogram mean indicates the weighted average position of organelle localization, while histogram variance captures the spread of this distribution. These statistics compress high-dimensional spatial data into biologically interpretable descriptors."
XY_wedges_hist_stdev_mitoXlyso,Flattened distribution or interaction-degree feature for a specific object.,Preserves spatial/network descriptors in the final per-image feature signature.,Copied from corresponding upstream table after per-image computation; underlying math is unchanged from those source modules.,infer-subc quantification modules; pandas (table-level joins),"Histogram STDEV_MITOXLYSO of spatial occupancy profiles provides a single interpretable summary of organelle localization patterns. For example, histogram mean indicates the weighted average position of organelle localization, while histogram variance captures the spread of this distribution. These statistics compress high-dimensional spatial data into biologically interpretable descriptors."
XY_wedges_hist_stdev_mitoXER,Flattened distribution or interaction-degree feature for a specific object.,Preserves spatial/network descriptors in the final per-image feature signature.,Copied from corresponding upstream table after per-image computation; underlying math is unchanged from those source modules.,infer-subc quantification modules; pandas (table-level joins),"Histogram STDEV_MITOXER of spatial occupancy profiles provides a single interpretable summary of organelle localization patterns. For example, histogram mean indicates the weighted average position of organelle localization, while histogram variance captures the spread of this distribution. These statistics compress high-dimensional spatial data into biologically interpretable descriptors."
XY_wedges_hist_stdev_mitoXlysoXER,Flattened distribution or interaction-degree feature for a specific object.,Preserves spatial/network descriptors in the final per-image feature signature.,Copied from corresponding upstream table after per-image computation; underlying math is unchanged from those source modules.,infer-subc quantification modules; pandas (table-level joins),"Histogram STDEV_MITOXLYSOXER of spatial occupancy profiles provides a single interpretable summary of organelle localization patterns. For example, histogram mean indicates the weighted average position of organelle localization, while histogram variance captures the spread of this distribution. These statistics compress high-dimensional spatial data into biologically interpretable descriptors."
Z_slices_hist_kurtosis_mito,Flattened distribution or interaction-degree feature for a specific object.,Preserves spatial/network descriptors in the final per-image feature signature.,Copied from corresponding upstream table after per-image computation; underlying math is unchanged from those source modules.,infer-subc quantification modules; pandas (table-level joins),"Histogram KURTOSIS_MITO of spatial occupancy profiles provides a single interpretable summary of organelle localization patterns. For example, histogram mean indicates the weighted average position of organelle localization, while histogram variance captures the spread of this distribution. These statistics compress high-dimensional spatial data into biologically interpretable descriptors."
Z_slices_hist_kurtosis_lyso,Flattened distribution or interaction-degree feature for a specific object.,Preserves spatial/network descriptors in the final per-image feature signature.,Copied from corresponding upstream table after per-image computation; underlying math is unchanged from those source modules.,infer-subc quantification modules; pandas (table-level joins),"Histogram KURTOSIS_LYSO of spatial occupancy profiles provides a single interpretable summary of organelle localization patterns. For example, histogram mean indicates the weighted average position of organelle localization, while histogram variance captures the spread of this distribution. These statistics compress high-dimensional spatial data into biologically interpretable descriptors."
Z_slices_hist_kurtosis_golgi,Flattened distribution or interaction-degree feature for a specific object.,Preserves spatial/network descriptors in the final per-image feature signature.,Copied from corresponding upstream table after per-image computation; underlying math is unchanged from those source modules.,infer-subc quantification modules; pandas (table-level joins),"Histogram KURTOSIS_GOLGI of spatial occupancy profiles provides a single interpretable summary of organelle localization patterns. For example, histogram mean indicates the weighted average position of organelle localization, while histogram variance captures the spread of this distribution. These statistics compress high-dimensional spatial data into biologically interpretable descriptors."
Z_slices_hist_kurtosis_ER,Flattened distribution or interaction-degree feature for a specific object.,Preserves spatial/network descriptors in the final per-image feature signature.,Copied from corresponding upstream table after per-image computation; underlying math is unchanged from those source modules.,infer-subc quantification modules; pandas (table-level joins),"Histogram KURTOSIS_ER of spatial occupancy profiles provides a single interpretable summary of organelle localization patterns. For example, histogram mean indicates the weighted average position of organelle localization, while histogram variance captures the spread of this distribution. These statistics compress high-dimensional spatial data into biologically interpretable descriptors."
Z_slices_hist_kurtosis_nuc,Flattened distribution or interaction-degree feature for a specific object.,Preserves spatial/network descriptors in the final per-image feature signature.,Copied from corresponding upstream table after per-image computation; underlying math is unchanged from those source modules.,infer-subc quantification modules; pandas (table-level joins),"Histogram KURTOSIS_NUC of spatial occupancy profiles provides a single interpretable summary of organelle localization patterns. For example, histogram mean indicates the weighted average position of organelle localization, while histogram variance captures the spread of this distribution. These statistics compress high-dimensional spatial data into biologically interpretable descriptors."
Z_slices_hist_kurtosis_cell,Flattened distribution or interaction-degree feature for a specific object.,Preserves spatial/network descriptors in the final per-image feature signature.,Copied from corresponding upstream table after per-image computation; underlying math is unchanged from those source modules.,infer-subc quantification modules; pandas (table-level joins),"Histogram KURTOSIS_CELL of spatial occupancy profiles provides a single interpretable summary of organelle localization patterns. For example, histogram mean indicates the weighted average position of organelle localization, while histogram variance captures the spread of this distribution. These statistics compress high-dimensional spatial data into biologically interpretable descriptors."
Z_slices_hist_kurtosis_mitoXlyso,Flattened distribution or interaction-degree feature for a specific object.,Preserves spatial/network descriptors in the final per-image feature signature.,Copied from corresponding upstream table after per-image computation; underlying math is unchanged from those source modules.,infer-subc quantification modules; pandas (table-level joins),"Histogram KURTOSIS_MITOXLYSO of spatial occupancy profiles provides a single interpretable summary of organelle localization patterns. For example, histogram mean indicates the weighted average position of organelle localization, while histogram variance captures the spread of this distribution. These statistics compress high-dimensional spatial data into biologically interpretable descriptors."
Z_slices_hist_kurtosis_mitoXER,Flattened distribution or interaction-degree feature for a specific object.,Preserves spatial/network descriptors in the final per-image feature signature.,Copied from corresponding upstream table after per-image computation; underlying math is unchanged from those source modules.,infer-subc quantification modules; pandas (table-level joins),"Histogram KURTOSIS_MITOXER of spatial occupancy profiles provides a single interpretable summary of organelle localization patterns. For example, histogram mean indicates the weighted average position of organelle localization, while histogram variance captures the spread of this distribution. These statistics compress high-dimensional spatial data into biologically interpretable descriptors."
Z_slices_hist_kurtosis_mitoXlysoXER,Flattened distribution or interaction-degree feature for a specific object.,Preserves spatial/network descriptors in the final per-image feature signature.,Copied from corresponding upstream table after per-image computation; underlying math is unchanged from those source modules.,infer-subc quantification modules; pandas (table-level joins),"Histogram KURTOSIS_MITOXLYSOXER of spatial occupancy profiles provides a single interpretable summary of organelle localization patterns. For example, histogram mean indicates the weighted average position of organelle localization, while histogram variance captures the spread of this distribution. These statistics compress high-dimensional spatial data into biologically interpretable descriptors."
XY_bin_CV_mean_mito,Flattened distribution or interaction-degree feature for a specific object.,Preserves spatial/network descriptors in the final per-image feature signature.,Copied from corresponding upstream table after per-image computation; underlying math is unchanged from those source modules.,infer-subc quantification modules; pandas (table-level joins),flattened distribution or interaction-degree feature for a specific object. preserves spatial/network descriptors in the final per-image feature signature
XY_bin_CV_mean_lyso,Flattened distribution or interaction-degree feature for a specific object.,Preserves spatial/network descriptors in the final per-image feature signature.,Copied from corresponding upstream table after per-image computation; underlying math is unchanged from those source modules.,infer-subc quantification modules; pandas (table-level joins),flattened distribution or interaction-degree feature for a specific object. preserves spatial/network descriptors in the final per-image feature signature
XY_bin_CV_mean_golgi,Flattened distribution or interaction-degree feature for a specific object.,Preserves spatial/network descriptors in the final per-image feature signature.,Copied from corresponding upstream table after per-image computation; underlying math is unchanged from those source modules.,infer-subc quantification modules; pandas (table-level joins),flattened distribution or interaction-degree feature for a specific object. preserves spatial/network descriptors in the final per-image feature signature
XY_bin_CV_mean_ER,Flattened distribution or interaction-degree feature for a specific object.,Preserves spatial/network descriptors in the final per-image feature signature.,Copied from corresponding upstream table after per-image computation; underlying math is unchanged from those source modules.,infer-subc quantification modules; pandas (table-level joins),flattened distribution or interaction-degree feature for a specific object. preserves spatial/network descriptors in the final per-image feature signature
XY_bin_CV_mean_nuc,Flattened distribution or interaction-degree feature for a specific object.,Preserves spatial/network descriptors in the final per-image feature signature.,Copied from corresponding upstream table after per-image computation; underlying math is unchanged from those source modules.,infer-subc quantification modules; pandas (table-level joins),flattened distribution or interaction-degree feature for a specific object. preserves spatial/network descriptors in the final per-image feature signature
XY_bin_CV_mean_cell,Flattened distribution or interaction-degree feature for a specific object.,Preserves spatial/network descriptors in the final per-image feature signature.,Copied from corresponding upstream table after per-image computation; underlying math is unchanged from those source modules.,infer-subc quantification modules; pandas (table-level joins),flattened distribution or interaction-degree feature for a specific object. preserves spatial/network descriptors in the final per-image feature signature
XY_bin_CV_mean_mitoXlyso,Flattened distribution or interaction-degree feature for a specific object.,Preserves spatial/network descriptors in the final per-image feature signature.,Copied from corresponding upstream table after per-image computation; underlying math is unchanged from those source modules.,infer-subc quantification modules; pandas (table-level joins),flattened distribution or interaction-degree feature for a specific object. preserves spatial/network descriptors in the final per-image feature signature
XY_bin_CV_mean_mitoXER,Flattened distribution or interaction-degree feature for a specific object.,Preserves spatial/network descriptors in the final per-image feature signature.,Copied from corresponding upstream table after per-image computation; underlying math is unchanged from those source modules.,infer-subc quantification modules; pandas (table-level joins),flattened distribution or interaction-degree feature for a specific object. preserves spatial/network descriptors in the final per-image feature signature
XY_bin_CV_mean_mitoXlysoXER,Flattened distribution or interaction-degree feature for a specific object.,Preserves spatial/network descriptors in the final per-image feature signature.,Copied from corresponding upstream table after per-image computation; underlying math is unchanged from those source modules.,infer-subc quantification modules; pandas (table-level joins),flattened distribution or interaction-degree feature for a specific object. preserves spatial/network descriptors in the final per-image feature signature
voxel_count_with_1_orgs(s)_mito,Flattened distribution or interaction-degree feature for a specific object.,Preserves spatial/network descriptors in the final per-image feature signature.,Copied from corresponding upstream table after per-image computation; underlying math is unchanged from those source modules.,infer-subc quantification modules; pandas (table-level joins),Interaction-degree metrics quantify the spatial extent of colocalization where exactly 1 distinct organelle classes overlap. These measurements reveal multi-organelle interaction networks and are particularly sensitive to stress conditions that alter organellar contacts and membrane dynamics.
voxel_count_with_2_orgs(s)_mito,Flattened distribution or interaction-degree feature for a specific object.,Preserves spatial/network descriptors in the final per-image feature signature.,Copied from corresponding upstream table after per-image computation; underlying math is unchanged from those source modules.,infer-subc quantification modules; pandas (table-level joins),Interaction-degree metrics quantify the spatial extent of colocalization where exactly 2 distinct organelle classes overlap. These measurements reveal multi-organelle interaction networks and are particularly sensitive to stress conditions that alter organellar contacts and membrane dynamics.
voxel_count_with_3_orgs(s)_mito,Flattened distribution or interaction-degree feature for a specific object.,Preserves spatial/network descriptors in the final per-image feature signature.,Copied from corresponding upstream table after per-image computation; underlying math is unchanged from those source modules.,infer-subc quantification modules; pandas (table-level joins),Interaction-degree metrics quantify the spatial extent of colocalization where exactly 3 distinct organelle classes overlap. These measurements reveal multi-organelle interaction networks and are particularly sensitive to stress conditions that alter organellar contacts and membrane dynamics.
voxel_count_with_4_orgs(s)_mito,Flattened distribution or interaction-degree feature for a specific object.,Preserves spatial/network descriptors in the final per-image feature signature.,Copied from corresponding upstream table after per-image computation; underlying math is unchanged from those source modules.,infer-subc quantification modules; pandas (table-level joins),Interaction-degree metrics quantify the spatial extent of colocalization where exactly 4 distinct organelle classes overlap. These measurements reveal multi-organelle interaction networks and are particularly sensitive to stress conditions that alter organellar contacts and membrane dynamics.
voxel_count_with_5_orgs(s)_mito,Flattened distribution or interaction-degree feature for a specific object.,Preserves spatial/network descriptors in the final per-image feature signature.,Copied from corresponding upstream table after per-image computation; underlying math is unchanged from those source modules.,infer-subc quantification modules; pandas (table-level joins),Interaction-degree metrics quantify the spatial extent of colocalization where exactly 5 distinct organelle classes overlap. These measurements reveal multi-organelle interaction networks and are particularly sensitive to stress conditions that alter organellar contacts and membrane dynamics.
voxel_count_with_6_orgs(s)_mito,Flattened distribution or interaction-degree feature for a specific object.,Preserves spatial/network descriptors in the final per-image feature signature.,Copied from corresponding upstream table after per-image computation; underlying math is unchanged from those source modules.,infer-subc quantification modules; pandas (table-level joins),Interaction-degree metrics quantify the spatial extent of colocalization where exactly 6 distinct organelle classes overlap. These measurements reveal multi-organelle interaction networks and are particularly sensitive to stress conditions that alter organellar contacts and membrane dynamics.
voxel_count_with_1_orgs(s)_lyso,Flattened distribution or interaction-degree feature for a specific object.,Preserves spatial/network descriptors in the final per-image feature signature.,Copied from corresponding upstream table after per-image computation; underlying math is unchanged from those source modules.,infer-subc quantification modules; pandas (table-level joins),Interaction-degree metrics quantify the spatial extent of colocalization where exactly 1 distinct organelle classes overlap. These measurements reveal multi-organelle interaction networks and are particularly sensitive to stress conditions that alter organellar contacts and membrane dynamics.
voxel_count_with_2_orgs(s)_lyso,Flattened distribution or interaction-degree feature for a specific object.,Preserves spatial/network descriptors in the final per-image feature signature.,Copied from corresponding upstream table after per-image computation; underlying math is unchanged from those source modules.,infer-subc quantification modules; pandas (table-level joins),Interaction-degree metrics quantify the spatial extent of colocalization where exactly 2 distinct organelle classes overlap. These measurements reveal multi-organelle interaction networks and are particularly sensitive to stress conditions that alter organellar contacts and membrane dynamics.
voxel_count_with_3_orgs(s)_lyso,Flattened distribution or interaction-degree feature for a specific object.,Preserves spatial/network descriptors in the final per-image feature signature.,Copied from corresponding upstream table after per-image computation; underlying math is unchanged from those source modules.,infer-subc quantification modules; pandas (table-level joins),Interaction-degree metrics quantify the spatial extent of colocalization where exactly 3 distinct organelle classes overlap. These measurements reveal multi-organelle interaction networks and are particularly sensitive to stress conditions that alter organellar contacts and membrane dynamics.
voxel_count_with_4_orgs(s)_lyso,Flattened distribution or interaction-degree feature for a specific object.,Preserves spatial/network descriptors in the final per-image feature signature.,Copied from corresponding upstream table after per-image computation; underlying math is unchanged from those source modules.,infer-subc quantification modules; pandas (table-level joins),Interaction-degree metrics quantify the spatial extent of colocalization where exactly 4 distinct organelle classes overlap. These measurements reveal multi-organelle interaction networks and are particularly sensitive to stress conditions that alter organellar contacts and membrane dynamics.
voxel_count_with_5_orgs(s)_lyso,Flattened distribution or interaction-degree feature for a specific object.,Preserves spatial/network descriptors in the final per-image feature signature.,Copied from corresponding upstream table after per-image computation; underlying math is unchanged from those source modules.,infer-subc quantification modules; pandas (table-level joins),Interaction-degree metrics quantify the spatial extent of colocalization where exactly 5 distinct organelle classes overlap. These measurements reveal multi-organelle interaction networks and are particularly sensitive to stress conditions that alter organellar contacts and membrane dynamics.
voxel_count_with_6_orgs(s)_lyso,Flattened distribution or interaction-degree feature for a specific object.,Preserves spatial/network descriptors in the final per-image feature signature.,Copied from corresponding upstream table after per-image computation; underlying math is unchanged from those source modules.,infer-subc quantification modules; pandas (table-level joins),Interaction-degree metrics quantify the spatial extent of colocalization where exactly 6 distinct organelle classes overlap. These measurements reveal multi-organelle interaction networks and are particularly sensitive to stress conditions that alter organellar contacts and membrane dynamics.
voxel_count_with_1_orgs(s)_golgi,Flattened distribution or interaction-degree feature for a specific object.,Preserves spatial/network descriptors in the final per-image feature signature.,Copied from corresponding upstream table after per-image computation; underlying math is unchanged from those source modules.,infer-subc quantification modules; pandas (table-level joins),Interaction-degree metrics quantify the spatial extent of colocalization where exactly 1 distinct organelle classes overlap. These measurements reveal multi-organelle interaction networks and are particularly sensitive to stress conditions that alter organellar contacts and membrane dynamics.
voxel_count_with_2_orgs(s)_golgi,Flattened distribution or interaction-degree feature for a specific object.,Preserves spatial/network descriptors in the final per-image feature signature.,Copied from corresponding upstream table after per-image computation; underlying math is unchanged from those source modules.,infer-subc quantification modules; pandas (table-level joins),Interaction-degree metrics quantify the spatial extent of colocalization where exactly 2 distinct organelle classes overlap. These measurements reveal multi-organelle interaction networks and are particularly sensitive to stress conditions that alter organellar contacts and membrane dynamics.
voxel_count_with_3_orgs(s)_golgi,Flattened distribution or interaction-degree feature for a specific object.,Preserves spatial/network descriptors in the final per-image feature signature.,Copied from corresponding upstream table after per-image computation; underlying math is unchanged from those source modules.,infer-subc quantification modules; pandas (table-level joins),Interaction-degree metrics quantify the spatial extent of colocalization where exactly 3 distinct organelle classes overlap. These measurements reveal multi-organelle interaction networks and are particularly sensitive to stress conditions that alter organellar contacts and membrane dynamics.
voxel_count_with_4_orgs(s)_golgi,Flattened distribution or interaction-degree feature for a specific object.,Preserves spatial/network descriptors in the final per-image feature signature.,Copied from corresponding upstream table after per-image computation; underlying math is unchanged from those source modules.,infer-subc quantification modules; pandas (table-level joins),Interaction-degree metrics quantify the spatial extent of colocalization where exactly 4 distinct organelle classes overlap. These measurements reveal multi-organelle interaction networks and are particularly sensitive to stress conditions that alter organellar contacts and membrane dynamics.
voxel_count_with_5_orgs(s)_golgi,Flattened distribution or interaction-degree feature for a specific object.,Preserves spatial/network descriptors in the final per-image feature signature.,Copied from corresponding upstream table after per-image computation; underlying math is unchanged from those source modules.,infer-subc quantification modules; pandas (table-level joins),Interaction-degree metrics quantify the spatial extent of colocalization where exactly 5 distinct organelle classes overlap. These measurements reveal multi-organelle interaction networks and are particularly sensitive to stress conditions that alter organellar contacts and membrane dynamics.
voxel_count_with_6_orgs(s)_golgi,Flattened distribution or interaction-degree feature for a specific object.,Preserves spatial/network descriptors in the final per-image feature signature.,Copied from corresponding upstream table after per-image computation; underlying math is unchanged from those source modules.,infer-subc quantification modules; pandas (table-level joins),Interaction-degree metrics quantify the spatial extent of colocalization where exactly 6 distinct organelle classes overlap. These measurements reveal multi-organelle interaction networks and are particularly sensitive to stress conditions that alter organellar contacts and membrane dynamics.
voxel_count_with_1_orgs(s)_ER,Flattened distribution or interaction-degree feature for a specific object.,Preserves spatial/network descriptors in the final per-image feature signature.,Copied from corresponding upstream table after per-image computation; underlying math is unchanged from those source modules.,infer-subc quantification modules; pandas (table-level joins),Interaction-degree metrics quantify the spatial extent of colocalization where exactly 1 distinct organelle classes overlap. These measurements reveal multi-organelle interaction networks and are particularly sensitive to stress conditions that alter organellar contacts and membrane dynamics.
voxel_count_with_2_orgs(s)_ER,Flattened distribution or interaction-degree feature for a specific object.,Preserves spatial/network descriptors in the final per-image feature signature.,Copied from corresponding upstream table after per-image computation; underlying math is unchanged from those source modules.,infer-subc quantification modules; pandas (table-level joins),Interaction-degree metrics quantify the spatial extent of colocalization where exactly 2 distinct organelle classes overlap. These measurements reveal multi-organelle interaction networks and are particularly sensitive to stress conditions that alter organellar contacts and membrane dynamics.
voxel_count_with_3_orgs(s)_ER,Flattened distribution or interaction-degree feature for a specific object.,Preserves spatial/network descriptors in the final per-image feature signature.,Copied from corresponding upstream table after per-image computation; underlying math is unchanged from those source modules.,infer-subc quantification modules; pandas (table-level joins),Interaction-degree metrics quantify the spatial extent of colocalization where exactly 3 distinct organelle classes overlap. These measurements reveal multi-organelle interaction networks and are particularly sensitive to stress conditions that alter organellar contacts and membrane dynamics.
voxel_count_with_4_orgs(s)_ER,Flattened distribution or interaction-degree feature for a specific object.,Preserves spatial/network descriptors in the final per-image feature signature.,Copied from corresponding upstream table after per-image computation; underlying math is unchanged from those source modules.,infer-subc quantification modules; pandas (table-level joins),Interaction-degree metrics quantify the spatial extent of colocalization where exactly 4 distinct organelle classes overlap. These measurements reveal multi-organelle interaction networks and are particularly sensitive to stress conditions that alter organellar contacts and membrane dynamics.
voxel_count_with_5_orgs(s)_ER,Flattened distribution or interaction-degree feature for a specific object.,Preserves spatial/network descriptors in the final per-image feature signature.,Copied from corresponding upstream table after per-image computation; underlying math is unchanged from those source modules.,infer-subc quantification modules; pandas (table-level joins),Interaction-degree metrics quantify the spatial extent of colocalization where exactly 5 distinct organelle classes overlap. These measurements reveal multi-organelle interaction networks and are particularly sensitive to stress conditions that alter organellar contacts and membrane dynamics.
voxel_count_with_6_orgs(s)_ER,Flattened distribution or interaction-degree feature for a specific object.,Preserves spatial/network descriptors in the final per-image feature signature.,Copied from corresponding upstream table after per-image computation; underlying math is unchanged from those source modules.,infer-subc quantification modules; pandas (table-level joins),Interaction-degree metrics quantify the spatial extent of colocalization where exactly 6 distinct organelle classes overlap. These measurements reveal multi-organelle interaction networks and are particularly sensitive to stress conditions that alter organellar contacts and membrane dynamics.
voxel_count_with_1_orgs(s)_nuc,Flattened distribution or interaction-degree feature for a specific object.,Preserves spatial/network descriptors in the final per-image feature signature.,Copied from corresponding upstream table after per-image computation; underlying math is unchanged from those source modules.,infer-subc quantification modules; pandas (table-level joins),Interaction-degree metrics quantify the spatial extent of colocalization where exactly 1 distinct organelle classes overlap. These measurements reveal multi-organelle interaction networks and are particularly sensitive to stress conditions that alter organellar contacts and membrane dynamics.
voxel_count_with_2_orgs(s)_nuc,Flattened distribution or interaction-degree feature for a specific object.,Preserves spatial/network descriptors in the final per-image feature signature.,Copied from corresponding upstream table after per-image computation; underlying math is unchanged from those source modules.,infer-subc quantification modules; pandas (table-level joins),Interaction-degree metrics quantify the spatial extent of colocalization where exactly 2 distinct organelle classes overlap. These measurements reveal multi-organelle interaction networks and are particularly sensitive to stress conditions that alter organellar contacts and membrane dynamics.
voxel_count_with_3_orgs(s)_nuc,Flattened distribution or interaction-degree feature for a specific object.,Preserves spatial/network descriptors in the final per-image feature signature.,Copied from corresponding upstream table after per-image computation; underlying math is unchanged from those source modules.,infer-subc quantification modules; pandas (table-level joins),Interaction-degree metrics quantify the spatial extent of colocalization where exactly 3 distinct organelle classes overlap. These measurements reveal multi-organelle interaction networks and are particularly sensitive to stress conditions that alter organellar contacts and membrane dynamics.
voxel_count_with_4_orgs(s)_nuc,Flattened distribution or interaction-degree feature for a specific object.,Preserves spatial/network descriptors in the final per-image feature signature.,Copied from corresponding upstream table after per-image computation; underlying math is unchanged from those source modules.,infer-subc quantification modules; pandas (table-level joins),Interaction-degree metrics quantify the spatial extent of colocalization where exactly 4 distinct organelle classes overlap. These measurements reveal multi-organelle interaction networks and are particularly sensitive to stress conditions that alter organellar contacts and membrane dynamics.
voxel_count_with_5_orgs(s)_nuc,Flattened distribution or interaction-degree feature for a specific object.,Preserves spatial/network descriptors in the final per-image feature signature.,Copied from corresponding upstream table after per-image computation; underlying math is unchanged from those source modules.,infer-subc quantification modules; pandas (table-level joins),Interaction-degree metrics quantify the spatial extent of colocalization where exactly 5 distinct organelle classes overlap. These measurements reveal multi-organelle interaction networks and are particularly sensitive to stress conditions that alter organellar contacts and membrane dynamics.
voxel_count_with_6_orgs(s)_nuc,Flattened distribution or interaction-degree feature for a specific object.,Preserves spatial/network descriptors in the final per-image feature signature.,Copied from corresponding upstream table after per-image computation; underlying math is unchanged from those source modules.,infer-subc quantification modules; pandas (table-level joins),Interaction-degree metrics quantify the spatial extent of colocalization where exactly 6 distinct organelle classes overlap. These measurements reveal multi-organelle interaction networks and are particularly sensitive to stress conditions that alter organellar contacts and membrane dynamics.
voxel_count_with_1_orgs(s)_cell,Flattened distribution or interaction-degree feature for a specific object.,Preserves spatial/network descriptors in the final per-image feature signature.,Copied from corresponding upstream table after per-image computation; underlying math is unchanged from those source modules.,infer-subc quantification modules; pandas (table-level joins),Interaction-degree metrics quantify the spatial extent of colocalization where exactly 1 distinct organelle classes overlap. These measurements reveal multi-organelle interaction networks and are particularly sensitive to stress conditions that alter organellar contacts and membrane dynamics.
voxel_count_with_2_orgs(s)_cell,Flattened distribution or interaction-degree feature for a specific object.,Preserves spatial/network descriptors in the final per-image feature signature.,Copied from corresponding upstream table after per-image computation; underlying math is unchanged from those source modules.,infer-subc quantification modules; pandas (table-level joins),Interaction-degree metrics quantify the spatial extent of colocalization where exactly 2 distinct organelle classes overlap. These measurements reveal multi-organelle interaction networks and are particularly sensitive to stress conditions that alter organellar contacts and membrane dynamics.
voxel_count_with_3_orgs(s)_cell,Flattened distribution or interaction-degree feature for a specific object.,Preserves spatial/network descriptors in the final per-image feature signature.,Copied from corresponding upstream table after per-image computation; underlying math is unchanged from those source modules.,infer-subc quantification modules; pandas (table-level joins),Interaction-degree metrics quantify the spatial extent of colocalization where exactly 3 distinct organelle classes overlap. These measurements reveal multi-organelle interaction networks and are particularly sensitive to stress conditions that alter organellar contacts and membrane dynamics.
voxel_count_with_4_orgs(s)_cell,Flattened distribution or interaction-degree feature for a specific object.,Preserves spatial/network descriptors in the final per-image feature signature.,Copied from corresponding upstream table after per-image computation; underlying math is unchanged from those source modules.,infer-subc quantification modules; pandas (table-level joins),Interaction-degree metrics quantify the spatial extent of colocalization where exactly 4 distinct organelle classes overlap. These measurements reveal multi-organelle interaction networks and are particularly sensitive to stress conditions that alter organellar contacts and membrane dynamics.
voxel_count_with_5_orgs(s)_cell,Flattened distribution or interaction-degree feature for a specific object.,Preserves spatial/network descriptors in the final per-image feature signature.,Copied from corresponding upstream table after per-image computation; underlying math is unchanged from those source modules.,infer-subc quantification modules; pandas (table-level joins),Interaction-degree metrics quantify the spatial extent of colocalization where exactly 5 distinct organelle classes overlap. These measurements reveal multi-organelle interaction networks and are particularly sensitive to stress conditions that alter organellar contacts and membrane dynamics.
voxel_count_with_6_orgs(s)_cell,Flattened distribution or interaction-degree feature for a specific object.,Preserves spatial/network descriptors in the final per-image feature signature.,Copied from corresponding upstream table after per-image computation; underlying math is unchanged from those source modules.,infer-subc quantification modules; pandas (table-level joins),Interaction-degree metrics quantify the spatial extent of colocalization where exactly 6 distinct organelle classes overlap. These measurements reveal multi-organelle interaction networks and are particularly sensitive to stress conditions that alter organellar contacts and membrane dynamics.
voxel_count_with_1_orgs(s)_mitoXlyso,Flattened distribution or interaction-degree feature for a specific object.,Preserves spatial/network descriptors in the final per-image feature signature.,Copied from corresponding upstream table after per-image computation; underlying math is unchanged from those source modules.,infer-subc quantification modules; pandas (table-level joins),Interaction-degree metrics quantify the spatial extent of colocalization where exactly 1 distinct organelle classes overlap. These measurements reveal multi-organelle interaction networks and are particularly sensitive to stress conditions that alter organellar contacts and membrane dynamics.
voxel_count_with_2_orgs(s)_mitoXlyso,Flattened distribution or interaction-degree feature for a specific object.,Preserves spatial/network descriptors in the final per-image feature signature.,Copied from corresponding upstream table after per-image computation; underlying math is unchanged from those source modules.,infer-subc quantification modules; pandas (table-level joins),Interaction-degree metrics quantify the spatial extent of colocalization where exactly 2 distinct organelle classes overlap. These measurements reveal multi-organelle interaction networks and are particularly sensitive to stress conditions that alter organellar contacts and membrane dynamics.
voxel_count_with_3_orgs(s)_mitoXlyso,Flattened distribution or interaction-degree feature for a specific object.,Preserves spatial/network descriptors in the final per-image feature signature.,Copied from corresponding upstream table after per-image computation; underlying math is unchanged from those source modules.,infer-subc quantification modules; pandas (table-level joins),Interaction-degree metrics quantify the spatial extent of colocalization where exactly 3 distinct organelle classes overlap. These measurements reveal multi-organelle interaction networks and are particularly sensitive to stress conditions that alter organellar contacts and membrane dynamics.
voxel_count_with_4_orgs(s)_mitoXlyso,Flattened distribution or interaction-degree feature for a specific object.,Preserves spatial/network descriptors in the final per-image feature signature.,Copied from corresponding upstream table after per-image computation; underlying math is unchanged from those source modules.,infer-subc quantification modules; pandas (table-level joins),Interaction-degree metrics quantify the spatial extent of colocalization where exactly 4 distinct organelle classes overlap. These measurements reveal multi-organelle interaction networks and are particularly sensitive to stress conditions that alter organellar contacts and membrane dynamics.
voxel_count_with_5_orgs(s)_mitoXlyso,Flattened distribution or interaction-degree feature for a specific object.,Preserves spatial/network descriptors in the final per-image feature signature.,Copied from corresponding upstream table after per-image computation; underlying math is unchanged from those source modules.,infer-subc quantification modules; pandas (table-level joins),Interaction-degree metrics quantify the spatial extent of colocalization where exactly 5 distinct organelle classes overlap. These measurements reveal multi-organelle interaction networks and are particularly sensitive to stress conditions that alter organellar contacts and membrane dynamics.
voxel_count_with_6_orgs(s)_mitoXlyso,Flattened distribution or interaction-degree feature for a specific object.,Preserves spatial/network descriptors in the final per-image feature signature.,Copied from corresponding upstream table after per-image computation; underlying math is unchanged from those source modules.,infer-subc quantification modules; pandas (table-level joins),Interaction-degree metrics quantify the spatial extent of colocalization where exactly 6 distinct organelle classes overlap. These measurements reveal multi-organelle interaction networks and are particularly sensitive to stress conditions that alter organellar contacts and membrane dynamics.
voxel_count_with_1_orgs(s)_mitoXER,Flattened distribution or interaction-degree feature for a specific object.,Preserves spatial/network descriptors in the final per-image feature signature.,Copied from corresponding upstream table after per-image computation; underlying math is unchanged from those source modules.,infer-subc quantification modules; pandas (table-level joins),Interaction-degree metrics quantify the spatial extent of colocalization where exactly 1 distinct organelle classes overlap. These measurements reveal multi-organelle interaction networks and are particularly sensitive to stress conditions that alter organellar contacts and membrane dynamics.
voxel_count_with_2_orgs(s)_mitoXER,Flattened distribution or interaction-degree feature for a specific object.,Preserves spatial/network descriptors in the final per-image feature signature.,Copied from corresponding upstream table after per-image computation; underlying math is unchanged from those source modules.,infer-subc quantification modules; pandas (table-level joins),Interaction-degree metrics quantify the spatial extent of colocalization where exactly 2 distinct organelle classes overlap. These measurements reveal multi-organelle interaction networks and are particularly sensitive to stress conditions that alter organellar contacts and membrane dynamics.
voxel_count_with_3_orgs(s)_mitoXER,Flattened distribution or interaction-degree feature for a specific object.,Preserves spatial/network descriptors in the final per-image feature signature.,Copied from corresponding upstream table after per-image computation; underlying math is unchanged from those source modules.,infer-subc quantification modules; pandas (table-level joins),Interaction-degree metrics quantify the spatial extent of colocalization where exactly 3 distinct organelle classes overlap. These measurements reveal multi-organelle interaction networks and are particularly sensitive to stress conditions that alter organellar contacts and membrane dynamics.
voxel_count_with_4_orgs(s)_mitoXER,Flattened distribution or interaction-degree feature for a specific object.,Preserves spatial/network descriptors in the final per-image feature signature.,Copied from corresponding upstream table after per-image computation; underlying math is unchanged from those source modules.,infer-subc quantification modules; pandas (table-level joins),Interaction-degree metrics quantify the spatial extent of colocalization where exactly 4 distinct organelle classes overlap. These measurements reveal multi-organelle interaction networks and are particularly sensitive to stress conditions that alter organellar contacts and membrane dynamics.
voxel_count_with_5_orgs(s)_mitoXER,Flattened distribution or interaction-degree feature for a specific object.,Preserves spatial/network descriptors in the final per-image feature signature.,Copied from corresponding upstream table after per-image computation; underlying math is unchanged from those source modules.,infer-subc quantification modules; pandas (table-level joins),Interaction-degree metrics quantify the spatial extent of colocalization where exactly 5 distinct organelle classes overlap. These measurements reveal multi-organelle interaction networks and are particularly sensitive to stress conditions that alter organellar contacts and membrane dynamics.
voxel_count_with_6_orgs(s)_mitoXER,Flattened distribution or interaction-degree feature for a specific object.,Preserves spatial/network descriptors in the final per-image feature signature.,Copied from corresponding upstream table after per-image computation; underlying math is unchanged from those source modules.,infer-subc quantification modules; pandas (table-level joins),Interaction-degree metrics quantify the spatial extent of colocalization where exactly 6 distinct organelle classes overlap. These measurements reveal multi-organelle interaction networks and are particularly sensitive to stress conditions that alter organellar contacts and membrane dynamics.
voxel_count_with_1_orgs(s)_mitoXlysoXER,Flattened distribution or interaction-degree feature for a specific object.,Preserves spatial/network descriptors in the final per-image feature signature.,Copied from corresponding upstream table after per-image computation; underlying math is unchanged from those source modules.,infer-subc quantification modules; pandas (table-level joins),Interaction-degree metrics quantify the spatial extent of colocalization where exactly 1 distinct organelle classes overlap. These measurements reveal multi-organelle interaction networks and are particularly sensitive to stress conditions that alter organellar contacts and membrane dynamics.
voxel_count_with_2_orgs(s)_mitoXlysoXER,Flattened distribution or interaction-degree feature for a specific object.,Preserves spatial/network descriptors in the final per-image feature signature.,Copied from corresponding upstream table after per-image computation; underlying math is unchanged from those source modules.,infer-subc quantification modules; pandas (table-level joins),Interaction-degree metrics quantify the spatial extent of colocalization where exactly 2 distinct organelle classes overlap. These measurements reveal multi-organelle interaction networks and are particularly sensitive to stress conditions that alter organellar contacts and membrane dynamics.
voxel_count_with_3_orgs(s)_mitoXlysoXER,Flattened distribution or interaction-degree feature for a specific object.,Preserves spatial/network descriptors in the final per-image feature signature.,Copied from corresponding upstream table after per-image computation; underlying math is unchanged from those source modules.,infer-subc quantification modules; pandas (table-level joins),Interaction-degree metrics quantify the spatial extent of colocalization where exactly 3 distinct organelle classes overlap. These measurements reveal multi-organelle interaction networks and are particularly sensitive to stress conditions that alter organellar contacts and membrane dynamics.
voxel_count_with_4_orgs(s)_mitoXlysoXER,Flattened distribution or interaction-degree feature for a specific object.,Preserves spatial/network descriptors in the final per-image feature signature.,Copied from corresponding upstream table after per-image computation; underlying math is unchanged from those source modules.,infer-subc quantification modules; pandas (table-level joins),Interaction-degree metrics quantify the spatial extent of colocalization where exactly 4 distinct organelle classes overlap. These measurements reveal multi-organelle interaction networks and are particularly sensitive to stress conditions that alter organellar contacts and membrane dynamics.
voxel_count_with_5_orgs(s)_mitoXlysoXER,Flattened distribution or interaction-degree feature for a specific object.,Preserves spatial/network descriptors in the final per-image feature signature.,Copied from corresponding upstream table after per-image computation; underlying math is unchanged from those source modules.,infer-subc quantification modules; pandas (table-level joins),Interaction-degree metrics quantify the spatial extent of colocalization where exactly 5 distinct organelle classes overlap. These measurements reveal multi-organelle interaction networks and are particularly sensitive to stress conditions that alter organellar contacts and membrane dynamics.
voxel_count_with_6_orgs(s)_mitoXlysoXER,Flattened distribution or interaction-degree feature for a specific object.,Preserves spatial/network descriptors in the final per-image feature signature.,Copied from corresponding upstream table after per-image computation; underlying math is unchanged from those source modules.,infer-subc quantification modules; pandas (table-level joins),Interaction-degree metrics quantify the spatial extent of colocalization where exactly 6 distinct organelle classes overlap. These measurements reveal multi-organelle interaction networks and are particularly sensitive to stress conditions that alter organellar contacts and membrane dynamics.
volume_with_1_orgs(s)_mito,Flattened distribution or interaction-degree feature for a specific object.,Preserves spatial/network descriptors in the final per-image feature signature.,Copied from corresponding upstream table after per-image computation; underlying math is unchanged from those source modules.,infer-subc quantification modules; pandas (table-level joins),Interaction-degree metrics quantify the spatial extent of colocalization where exactly 1 distinct organelle classes overlap. These measurements reveal multi-organelle interaction networks and are particularly sensitive to stress conditions that alter organellar contacts and membrane dynamics.
volume_with_2_orgs(s)_mito,Flattened distribution or interaction-degree feature for a specific object.,Preserves spatial/network descriptors in the final per-image feature signature.,Copied from corresponding upstream table after per-image computation; underlying math is unchanged from those source modules.,infer-subc quantification modules; pandas (table-level joins),Interaction-degree metrics quantify the spatial extent of colocalization where exactly 2 distinct organelle classes overlap. These measurements reveal multi-organelle interaction networks and are particularly sensitive to stress conditions that alter organellar contacts and membrane dynamics.
volume_with_3_orgs(s)_mito,Flattened distribution or interaction-degree feature for a specific object.,Preserves spatial/network descriptors in the final per-image feature signature.,Copied from corresponding upstream table after per-image computation; underlying math is unchanged from those source modules.,infer-subc quantification modules; pandas (table-level joins),Interaction-degree metrics quantify the spatial extent of colocalization where exactly 3 distinct organelle classes overlap. These measurements reveal multi-organelle interaction networks and are particularly sensitive to stress conditions that alter organellar contacts and membrane dynamics.
volume_with_4_orgs(s)_mito,Flattened distribution or interaction-degree feature for a specific object.,Preserves spatial/network descriptors in the final per-image feature signature.,Copied from corresponding upstream table after per-image computation; underlying math is unchanged from those source modules.,infer-subc quantification modules; pandas (table-level joins),Interaction-degree metrics quantify the spatial extent of colocalization where exactly 4 distinct organelle classes overlap. These measurements reveal multi-organelle interaction networks and are particularly sensitive to stress conditions that alter organellar contacts and membrane dynamics.
volume_with_5_orgs(s)_mito,Flattened distribution or interaction-degree feature for a specific object.,Preserves spatial/network descriptors in the final per-image feature signature.,Copied from corresponding upstream table after per-image computation; underlying math is unchanged from those source modules.,infer-subc quantification modules; pandas (table-level joins),Interaction-degree metrics quantify the spatial extent of colocalization where exactly 5 distinct organelle classes overlap. These measurements reveal multi-organelle interaction networks and are particularly sensitive to stress conditions that alter organellar contacts and membrane dynamics.
volume_with_6_orgs(s)_mito,Flattened distribution or interaction-degree feature for a specific object.,Preserves spatial/network descriptors in the final per-image feature signature.,Copied from corresponding upstream table after per-image computation; underlying math is unchanged from those source modules.,infer-subc quantification modules; pandas (table-level joins),Interaction-degree metrics quantify the spatial extent of colocalization where exactly 6 distinct organelle classes overlap. These measurements reveal multi-organelle interaction networks and are particularly sensitive to stress conditions that alter organellar contacts and membrane dynamics.
volume_with_1_orgs(s)_lyso,Flattened distribution or interaction-degree feature for a specific object.,Preserves spatial/network descriptors in the final per-image feature signature.,Copied from corresponding upstream table after per-image computation; underlying math is unchanged from those source modules.,infer-subc quantification modules; pandas (table-level joins),Interaction-degree metrics quantify the spatial extent of colocalization where exactly 1 distinct organelle classes overlap. These measurements reveal multi-organelle interaction networks and are particularly sensitive to stress conditions that alter organellar contacts and membrane dynamics.
volume_with_2_orgs(s)_lyso,Flattened distribution or interaction-degree feature for a specific object.,Preserves spatial/network descriptors in the final per-image feature signature.,Copied from corresponding upstream table after per-image computation; underlying math is unchanged from those source modules.,infer-subc quantification modules; pandas (table-level joins),Interaction-degree metrics quantify the spatial extent of colocalization where exactly 2 distinct organelle classes overlap. These measurements reveal multi-organelle interaction networks and are particularly sensitive to stress conditions that alter organellar contacts and membrane dynamics.
volume_with_3_orgs(s)_lyso,Flattened distribution or interaction-degree feature for a specific object.,Preserves spatial/network descriptors in the final per-image feature signature.,Copied from corresponding upstream table after per-image computation; underlying math is unchanged from those source modules.,infer-subc quantification modules; pandas (table-level joins),Interaction-degree metrics quantify the spatial extent of colocalization where exactly 3 distinct organelle classes overlap. These measurements reveal multi-organelle interaction networks and are particularly sensitive to stress conditions that alter organellar contacts and membrane dynamics.
volume_with_4_orgs(s)_lyso,Flattened distribution or interaction-degree feature for a specific object.,Preserves spatial/network descriptors in the final per-image feature signature.,Copied from corresponding upstream table after per-image computation; underlying math is unchanged from those source modules.,infer-subc quantification modules; pandas (table-level joins),Interaction-degree metrics quantify the spatial extent of colocalization where exactly 4 distinct organelle classes overlap. These measurements reveal multi-organelle interaction networks and are particularly sensitive to stress conditions that alter organellar contacts and membrane dynamics.
volume_with_5_orgs(s)_lyso,Flattened distribution or interaction-degree feature for a specific object.,Preserves spatial/network descriptors in the final per-image feature signature.,Copied from corresponding upstream table after per-image computation; underlying math is unchanged from those source modules.,infer-subc quantification modules; pandas (table-level joins),Interaction-degree metrics quantify the spatial extent of colocalization where exactly 5 distinct organelle classes overlap. These measurements reveal multi-organelle interaction networks and are particularly sensitive to stress conditions that alter organellar contacts and membrane dynamics.
volume_with_6_orgs(s)_lyso,Flattened distribution or interaction-degree feature for a specific object.,Preserves spatial/network descriptors in the final per-image feature signature.,Copied from corresponding upstream table after per-image computation; underlying math is unchanged from those source modules.,infer-subc quantification modules; pandas (table-level joins),Interaction-degree metrics quantify the spatial extent of colocalization where exactly 6 distinct organelle classes overlap. These measurements reveal multi-organelle interaction networks and are particularly sensitive to stress conditions that alter organellar contacts and membrane dynamics.
volume_with_1_orgs(s)_golgi,Flattened distribution or interaction-degree feature for a specific object.,Preserves spatial/network descriptors in the final per-image feature signature.,Copied from corresponding upstream table after per-image computation; underlying math is unchanged from those source modules.,infer-subc quantification modules; pandas (table-level joins),Interaction-degree metrics quantify the spatial extent of colocalization where exactly 1 distinct organelle classes overlap. These measurements reveal multi-organelle interaction networks and are particularly sensitive to stress conditions that alter organellar contacts and membrane dynamics.
volume_with_2_orgs(s)_golgi,Flattened distribution or interaction-degree feature for a specific object.,Preserves spatial/network descriptors in the final per-image feature signature.,Copied from corresponding upstream table after per-image computation; underlying math is unchanged from those source modules.,infer-subc quantification modules; pandas (table-level joins),Interaction-degree metrics quantify the spatial extent of colocalization where exactly 2 distinct organelle classes overlap. These measurements reveal multi-organelle interaction networks and are particularly sensitive to stress conditions that alter organellar contacts and membrane dynamics.
volume_with_3_orgs(s)_golgi,Flattened distribution or interaction-degree feature for a specific object.,Preserves spatial/network descriptors in the final per-image feature signature.,Copied from corresponding upstream table after per-image computation; underlying math is unchanged from those source modules.,infer-subc quantification modules; pandas (table-level joins),Interaction-degree metrics quantify the spatial extent of colocalization where exactly 3 distinct organelle classes overlap. These measurements reveal multi-organelle interaction networks and are particularly sensitive to stress conditions that alter organellar contacts and membrane dynamics.
volume_with_4_orgs(s)_golgi,Flattened distribution or interaction-degree feature for a specific object.,Preserves spatial/network descriptors in the final per-image feature signature.,Copied from corresponding upstream table after per-image computation; underlying math is unchanged from those source modules.,infer-subc quantification modules; pandas (table-level joins),Interaction-degree metrics quantify the spatial extent of colocalization where exactly 4 distinct organelle classes overlap. These measurements reveal multi-organelle interaction networks and are particularly sensitive to stress conditions that alter organellar contacts and membrane dynamics.
volume_with_5_orgs(s)_golgi,Flattened distribution or interaction-degree feature for a specific object.,Preserves spatial/network descriptors in the final per-image feature signature.,Copied from corresponding upstream table after per-image computation; underlying math is unchanged from those source modules.,infer-subc quantification modules; pandas (table-level joins),Interaction-degree metrics quantify the spatial extent of colocalization where exactly 5 distinct organelle classes overlap. These measurements reveal multi-organelle interaction networks and are particularly sensitive to stress conditions that alter organellar contacts and membrane dynamics.
volume_with_6_orgs(s)_golgi,Flattened distribution or interaction-degree feature for a specific object.,Preserves spatial/network descriptors in the final per-image feature signature.,Copied from corresponding upstream table after per-image computation; underlying math is unchanged from those source modules.,infer-subc quantification modules; pandas (table-level joins),Interaction-degree metrics quantify the spatial extent of colocalization where exactly 6 distinct organelle classes overlap. These measurements reveal multi-organelle interaction networks and are particularly sensitive to stress conditions that alter organellar contacts and membrane dynamics.
volume_with_1_orgs(s)_ER,Flattened distribution or interaction-degree feature for a specific object.,Preserves spatial/network descriptors in the final per-image feature signature.,Copied from corresponding upstream table after per-image computation; underlying math is unchanged from those source modules.,infer-subc quantification modules; pandas (table-level joins),Interaction-degree metrics quantify the spatial extent of colocalization where exactly 1 distinct organelle classes overlap. These measurements reveal multi-organelle interaction networks and are particularly sensitive to stress conditions that alter organellar contacts and membrane dynamics.
volume_with_2_orgs(s)_ER,Flattened distribution or interaction-degree feature for a specific object.,Preserves spatial/network descriptors in the final per-image feature signature.,Copied from corresponding upstream table after per-image computation; underlying math is unchanged from those source modules.,infer-subc quantification modules; pandas (table-level joins),Interaction-degree metrics quantify the spatial extent of colocalization where exactly 2 distinct organelle classes overlap. These measurements reveal multi-organelle interaction networks and are particularly sensitive to stress conditions that alter organellar contacts and membrane dynamics.
volume_with_3_orgs(s)_ER,Flattened distribution or interaction-degree feature for a specific object.,Preserves spatial/network descriptors in the final per-image feature signature.,Copied from corresponding upstream table after per-image computation; underlying math is unchanged from those source modules.,infer-subc quantification modules; pandas (table-level joins),Interaction-degree metrics quantify the spatial extent of colocalization where exactly 3 distinct organelle classes overlap. These measurements reveal multi-organelle interaction networks and are particularly sensitive to stress conditions that alter organellar contacts and membrane dynamics.
volume_with_4_orgs(s)_ER,Flattened distribution or interaction-degree feature for a specific object.,Preserves spatial/network descriptors in the final per-image feature signature.,Copied from corresponding upstream table after per-image computation; underlying math is unchanged from those source modules.,infer-subc quantification modules; pandas (table-level joins),Interaction-degree metrics quantify the spatial extent of colocalization where exactly 4 distinct organelle classes overlap. These measurements reveal multi-organelle interaction networks and are particularly sensitive to stress conditions that alter organellar contacts and membrane dynamics.
volume_with_5_orgs(s)_ER,Flattened distribution or interaction-degree feature for a specific object.,Preserves spatial/network descriptors in the final per-image feature signature.,Copied from corresponding upstream table after per-image computation; underlying math is unchanged from those source modules.,infer-subc quantification modules; pandas (table-level joins),Interaction-degree metrics quantify the spatial extent of colocalization where exactly 5 distinct organelle classes overlap. These measurements reveal multi-organelle interaction networks and are particularly sensitive to stress conditions that alter organellar contacts and membrane dynamics.
volume_with_6_orgs(s)_ER,Flattened distribution or interaction-degree feature for a specific object.,Preserves spatial/network descriptors in the final per-image feature signature.,Copied from corresponding upstream table after per-image computation; underlying math is unchanged from those source modules.,infer-subc quantification modules; pandas (table-level joins),Interaction-degree metrics quantify the spatial extent of colocalization where exactly 6 distinct organelle classes overlap. These measurements reveal multi-organelle interaction networks and are particularly sensitive to stress conditions that alter organellar contacts and membrane dynamics.
volume_with_1_orgs(s)_nuc,Flattened distribution or interaction-degree feature for a specific object.,Preserves spatial/network descriptors in the final per-image feature signature.,Copied from corresponding upstream table after per-image computation; underlying math is unchanged from those source modules.,infer-subc quantification modules; pandas (table-level joins),Interaction-degree metrics quantify the spatial extent of colocalization where exactly 1 distinct organelle classes overlap. These measurements reveal multi-organelle interaction networks and are particularly sensitive to stress conditions that alter organellar contacts and membrane dynamics.
volume_with_2_orgs(s)_nuc,Flattened distribution or interaction-degree feature for a specific object.,Preserves spatial/network descriptors in the final per-image feature signature.,Copied from corresponding upstream table after per-image computation; underlying math is unchanged from those source modules.,infer-subc quantification modules; pandas (table-level joins),Interaction-degree metrics quantify the spatial extent of colocalization where exactly 2 distinct organelle classes overlap. These measurements reveal multi-organelle interaction networks and are particularly sensitive to stress conditions that alter organellar contacts and membrane dynamics.
volume_with_3_orgs(s)_nuc,Flattened distribution or interaction-degree feature for a specific object.,Preserves spatial/network descriptors in the final per-image feature signature.,Copied from corresponding upstream table after per-image computation; underlying math is unchanged from those source modules.,infer-subc quantification modules; pandas (table-level joins),Interaction-degree metrics quantify the spatial extent of colocalization where exactly 3 distinct organelle classes overlap. These measurements reveal multi-organelle interaction networks and are particularly sensitive to stress conditions that alter organellar contacts and membrane dynamics.
volume_with_4_orgs(s)_nuc,Flattened distribution or interaction-degree feature for a specific object.,Preserves spatial/network descriptors in the final per-image feature signature.,Copied from corresponding upstream table after per-image computation; underlying math is unchanged from those source modules.,infer-subc quantification modules; pandas (table-level joins),Interaction-degree metrics quantify the spatial extent of colocalization where exactly 4 distinct organelle classes overlap. These measurements reveal multi-organelle interaction networks and are particularly sensitive to stress conditions that alter organellar contacts and membrane dynamics.
volume_with_5_orgs(s)_nuc,Flattened distribution or interaction-degree feature for a specific object.,Preserves spatial/network descriptors in the final per-image feature signature.,Copied from corresponding upstream table after per-image computation; underlying math is unchanged from those source modules.,infer-subc quantification modules; pandas (table-level joins),Interaction-degree metrics quantify the spatial extent of colocalization where exactly 5 distinct organelle classes overlap. These measurements reveal multi-organelle interaction networks and are particularly sensitive to stress conditions that alter organellar contacts and membrane dynamics.
volume_with_6_orgs(s)_nuc,Flattened distribution or interaction-degree feature for a specific object.,Preserves spatial/network descriptors in the final per-image feature signature.,Copied from corresponding upstream table after per-image computation; underlying math is unchanged from those source modules.,infer-subc quantification modules; pandas (table-level joins),Interaction-degree metrics quantify the spatial extent of colocalization where exactly 6 distinct organelle classes overlap. These measurements reveal multi-organelle interaction networks and are particularly sensitive to stress conditions that alter organellar contacts and membrane dynamics.
volume_with_1_orgs(s)_cell,Flattened distribution or interaction-degree feature for a specific object.,Preserves spatial/network descriptors in the final per-image feature signature.,Copied from corresponding upstream table after per-image computation; underlying math is unchanged from those source modules.,infer-subc quantification modules; pandas (table-level joins),Interaction-degree metrics quantify the spatial extent of colocalization where exactly 1 distinct organelle classes overlap. These measurements reveal multi-organelle interaction networks and are particularly sensitive to stress conditions that alter organellar contacts and membrane dynamics.
volume_with_2_orgs(s)_cell,Flattened distribution or interaction-degree feature for a specific object.,Preserves spatial/network descriptors in the final per-image feature signature.,Copied from corresponding upstream table after per-image computation; underlying math is unchanged from those source modules.,infer-subc quantification modules; pandas (table-level joins),Interaction-degree metrics quantify the spatial extent of colocalization where exactly 2 distinct organelle classes overlap. These measurements reveal multi-organelle interaction networks and are particularly sensitive to stress conditions that alter organellar contacts and membrane dynamics.
volume_with_3_orgs(s)_cell,Flattened distribution or interaction-degree feature for a specific object.,Preserves spatial/network descriptors in the final per-image feature signature.,Copied from corresponding upstream table after per-image computation; underlying math is unchanged from those source modules.,infer-subc quantification modules; pandas (table-level joins),Interaction-degree metrics quantify the spatial extent of colocalization where exactly 3 distinct organelle classes overlap. These measurements reveal multi-organelle interaction networks and are particularly sensitive to stress conditions that alter organellar contacts and membrane dynamics.
volume_with_4_orgs(s)_cell,Flattened distribution or interaction-degree feature for a specific object.,Preserves spatial/network descriptors in the final per-image feature signature.,Copied from corresponding upstream table after per-image computation; underlying math is unchanged from those source modules.,infer-subc quantification modules; pandas (table-level joins),Interaction-degree metrics quantify the spatial extent of colocalization where exactly 4 distinct organelle classes overlap. These measurements reveal multi-organelle interaction networks and are particularly sensitive to stress conditions that alter organellar contacts and membrane dynamics.
volume_with_5_orgs(s)_cell,Flattened distribution or interaction-degree feature for a specific object.,Preserves spatial/network descriptors in the final per-image feature signature.,Copied from corresponding upstream table after per-image computation; underlying math is unchanged from those source modules.,infer-subc quantification modules; pandas (table-level joins),Interaction-degree metrics quantify the spatial extent of colocalization where exactly 5 distinct organelle classes overlap. These measurements reveal multi-organelle interaction networks and are particularly sensitive to stress conditions that alter organellar contacts and membrane dynamics.
volume_with_6_orgs(s)_cell,Flattened distribution or interaction-degree feature for a specific object.,Preserves spatial/network descriptors in the final per-image feature signature.,Copied from corresponding upstream table after per-image computation; underlying math is unchanged from those source modules.,infer-subc quantification modules; pandas (table-level joins),Interaction-degree metrics quantify the spatial extent of colocalization where exactly 6 distinct organelle classes overlap. These measurements reveal multi-organelle interaction networks and are particularly sensitive to stress conditions that alter organellar contacts and membrane dynamics.
volume_with_1_orgs(s)_mitoXlyso,Flattened distribution or interaction-degree feature for a specific object.,Preserves spatial/network descriptors in the final per-image feature signature.,Copied from corresponding upstream table after per-image computation; underlying math is unchanged from those source modules.,infer-subc quantification modules; pandas (table-level joins),Interaction-degree metrics quantify the spatial extent of colocalization where exactly 1 distinct organelle classes overlap. These measurements reveal multi-organelle interaction networks and are particularly sensitive to stress conditions that alter organellar contacts and membrane dynamics.
volume_with_2_orgs(s)_mitoXlyso,Flattened distribution or interaction-degree feature for a specific object.,Preserves spatial/network descriptors in the final per-image feature signature.,Copied from corresponding upstream table after per-image computation; underlying math is unchanged from those source modules.,infer-subc quantification modules; pandas (table-level joins),Interaction-degree metrics quantify the spatial extent of colocalization where exactly 2 distinct organelle classes overlap. These measurements reveal multi-organelle interaction networks and are particularly sensitive to stress conditions that alter organellar contacts and membrane dynamics.
volume_with_3_orgs(s)_mitoXlyso,Flattened distribution or interaction-degree feature for a specific object.,Preserves spatial/network descriptors in the final per-image feature signature.,Copied from corresponding upstream table after per-image computation; underlying math is unchanged from those source modules.,infer-subc quantification modules; pandas (table-level joins),Interaction-degree metrics quantify the spatial extent of colocalization where exactly 3 distinct organelle classes overlap. These measurements reveal multi-organelle interaction networks and are particularly sensitive to stress conditions that alter organellar contacts and membrane dynamics.
volume_with_4_orgs(s)_mitoXlyso,Flattened distribution or interaction-degree feature for a specific object.,Preserves spatial/network descriptors in the final per-image feature signature.,Copied from corresponding upstream table after per-image computation; underlying math is unchanged from those source modules.,infer-subc quantification modules; pandas (table-level joins),Interaction-degree metrics quantify the spatial extent of colocalization where exactly 4 distinct organelle classes overlap. These measurements reveal multi-organelle interaction networks and are particularly sensitive to stress conditions that alter organellar contacts and membrane dynamics.
volume_with_5_orgs(s)_mitoXlyso,Flattened distribution or interaction-degree feature for a specific object.,Preserves spatial/network descriptors in the final per-image feature signature.,Copied from corresponding upstream table after per-image computation; underlying math is unchanged from those source modules.,infer-subc quantification modules; pandas (table-level joins),Interaction-degree metrics quantify the spatial extent of colocalization where exactly 5 distinct organelle classes overlap. These measurements reveal multi-organelle interaction networks and are particularly sensitive to stress conditions that alter organellar contacts and membrane dynamics.
volume_with_6_orgs(s)_mitoXlyso,Flattened distribution or interaction-degree feature for a specific object.,Preserves spatial/network descriptors in the final per-image feature signature.,Copied from corresponding upstream table after per-image computation; underlying math is unchanged from those source modules.,infer-subc quantification modules; pandas (table-level joins),Interaction-degree metrics quantify the spatial extent of colocalization where exactly 6 distinct organelle classes overlap. These measurements reveal multi-organelle interaction networks and are particularly sensitive to stress conditions that alter organellar contacts and membrane dynamics.
volume_with_1_orgs(s)_mitoXER,Flattened distribution or interaction-degree feature for a specific object.,Preserves spatial/network descriptors in the final per-image feature signature.,Copied from corresponding upstream table after per-image computation; underlying math is unchanged from those source modules.,infer-subc quantification modules; pandas (table-level joins),Interaction-degree metrics quantify the spatial extent of colocalization where exactly 1 distinct organelle classes overlap. These measurements reveal multi-organelle interaction networks and are particularly sensitive to stress conditions that alter organellar contacts and membrane dynamics.
volume_with_2_orgs(s)_mitoXER,Flattened distribution or interaction-degree feature for a specific object.,Preserves spatial/network descriptors in the final per-image feature signature.,Copied from corresponding upstream table after per-image computation; underlying math is unchanged from those source modules.,infer-subc quantification modules; pandas (table-level joins),Interaction-degree metrics quantify the spatial extent of colocalization where exactly 2 distinct organelle classes overlap. These measurements reveal multi-organelle interaction networks and are particularly sensitive to stress conditions that alter organellar contacts and membrane dynamics.
volume_with_3_orgs(s)_mitoXER,Flattened distribution or interaction-degree feature for a specific object.,Preserves spatial/network descriptors in the final per-image feature signature.,Copied from corresponding upstream table after per-image computation; underlying math is unchanged from those source modules.,infer-subc quantification modules; pandas (table-level joins),Interaction-degree metrics quantify the spatial extent of colocalization where exactly 3 distinct organelle classes overlap. These measurements reveal multi-organelle interaction networks and are particularly sensitive to stress conditions that alter organellar contacts and membrane dynamics.
volume_with_4_orgs(s)_mitoXER,Flattened distribution or interaction-degree feature for a specific object.,Preserves spatial/network descriptors in the final per-image feature signature.,Copied from corresponding upstream table after per-image computation; underlying math is unchanged from those source modules.,infer-subc quantification modules; pandas (table-level joins),Interaction-degree metrics quantify the spatial extent of colocalization where exactly 4 distinct organelle classes overlap. These measurements reveal multi-organelle interaction networks and are particularly sensitive to stress conditions that alter organellar contacts and membrane dynamics.
volume_with_5_orgs(s)_mitoXER,Flattened distribution or interaction-degree feature for a specific object.,Preserves spatial/network descriptors in the final per-image feature signature.,Copied from corresponding upstream table after per-image computation; underlying math is unchanged from those source modules.,infer-subc quantification modules; pandas (table-level joins),Interaction-degree metrics quantify the spatial extent of colocalization where exactly 5 distinct organelle classes overlap. These measurements reveal multi-organelle interaction networks and are particularly sensitive to stress conditions that alter organellar contacts and membrane dynamics.
volume_with_6_orgs(s)_mitoXER,Flattened distribution or interaction-degree feature for a specific object.,Preserves spatial/network descriptors in the final per-image feature signature.,Copied from corresponding upstream table after per-image computation; underlying math is unchanged from those source modules.,infer-subc quantification modules; pandas (table-level joins),Interaction-degree metrics quantify the spatial extent of colocalization where exactly 6 distinct organelle classes overlap. These measurements reveal multi-organelle interaction networks and are particularly sensitive to stress conditions that alter organellar contacts and membrane dynamics.
volume_with_1_orgs(s)_mitoXlysoXER,Flattened distribution or interaction-degree feature for a specific object.,Preserves spatial/network descriptors in the final per-image feature signature.,Copied from corresponding upstream table after per-image computation; underlying math is unchanged from those source modules.,infer-subc quantification modules; pandas (table-level joins),Interaction-degree metrics quantify the spatial extent of colocalization where exactly 1 distinct organelle classes overlap. These measurements reveal multi-organelle interaction networks and are particularly sensitive to stress conditions that alter organellar contacts and membrane dynamics.
volume_with_2_orgs(s)_mitoXlysoXER,Flattened distribution or interaction-degree feature for a specific object.,Preserves spatial/network descriptors in the final per-image feature signature.,Copied from corresponding upstream table after per-image computation; underlying math is unchanged from those source modules.,infer-subc quantification modules; pandas (table-level joins),Interaction-degree metrics quantify the spatial extent of colocalization where exactly 2 distinct organelle classes overlap. These measurements reveal multi-organelle interaction networks and are particularly sensitive to stress conditions that alter organellar contacts and membrane dynamics.
volume_with_3_orgs(s)_mitoXlysoXER,Flattened distribution or interaction-degree feature for a specific object.,Preserves spatial/network descriptors in the final per-image feature signature.,Copied from corresponding upstream table after per-image computation; underlying math is unchanged from those source modules.,infer-subc quantification modules; pandas (table-level joins),Interaction-degree metrics quantify the spatial extent of colocalization where exactly 3 distinct organelle classes overlap. These measurements reveal multi-organelle interaction networks and are particularly sensitive to stress conditions that alter organellar contacts and membrane dynamics.
volume_with_4_orgs(s)_mitoXlysoXER,Flattened distribution or interaction-degree feature for a specific object.,Preserves spatial/network descriptors in the final per-image feature signature.,Copied from corresponding upstream table after per-image computation; underlying math is unchanged from those source modules.,infer-subc quantification modules; pandas (table-level joins),Interaction-degree metrics quantify the spatial extent of colocalization where exactly 4 distinct organelle classes overlap. These measurements reveal multi-organelle interaction networks and are particularly sensitive to stress conditions that alter organellar contacts and membrane dynamics.
volume_with_5_orgs(s)_mitoXlysoXER,Flattened distribution or interaction-degree feature for a specific object.,Preserves spatial/network descriptors in the final per-image feature signature.,Copied from corresponding upstream table after per-image computation; underlying math is unchanged from those source modules.,infer-subc quantification modules; pandas (table-level joins),Interaction-degree metrics quantify the spatial extent of colocalization where exactly 5 distinct organelle classes overlap. These measurements reveal multi-organelle interaction networks and are particularly sensitive to stress conditions that alter organellar contacts and membrane dynamics.
volume_with_6_orgs(s)_mitoXlysoXER,Flattened distribution or interaction-degree feature for a specific object.,Preserves spatial/network descriptors in the final per-image feature signature.,Copied from corresponding upstream table after per-image computation; underlying math is unchanged from those source modules.,infer-subc quantification modules; pandas (table-level joins),Interaction-degree metrics quantify the spatial extent of colocalization where exactly 6 distinct organelle classes overlap. These measurements reveal multi-organelle interaction networks and are particularly sensitive to stress conditions that alter organellar contacts and membrane dynamics.
mean_mito_surface_area,Flattened per-image/per-mask summary metric for a specific object and metric family.,"Combined table is intended for downstream statistics/visualization, with one row per image-mask context containing cross-module signatures.","Value comes from upstream grouped summaries (pandas groupby mean/median/std/sum/count/fraction) of morphology, interaction, or distribution metrics.","pandas (groupby, agg); infer-subc.quantification.batch","flattened per-image/per-mask summary metric for a specific object and metric family. combined table is intended for downstream statistics/visualization, with one row per image-mask context containing cross-module signatures"
mean_lyso_surface_area,Flattened per-image/per-mask summary metric for a specific object and metric family.,"Combined table is intended for downstream statistics/visualization, with one row per image-mask context containing cross-module signatures.","Value comes from upstream grouped summaries (pandas groupby mean/median/std/sum/count/fraction) of morphology, interaction, or distribution metrics.","pandas (groupby, agg); infer-subc.quantification.batch","flattened per-image/per-mask summary metric for a specific object and metric family. combined table is intended for downstream statistics/visualization, with one row per image-mask context containing cross-module signatures"
mean_golgi_surface_area,Flattened per-image/per-mask summary metric for a specific object and metric family.,"Combined table is intended for downstream statistics/visualization, with one row per image-mask context containing cross-module signatures.","Value comes from upstream grouped summaries (pandas groupby mean/median/std/sum/count/fraction) of morphology, interaction, or distribution metrics.","pandas (groupby, agg); infer-subc.quantification.batch","flattened per-image/per-mask summary metric for a specific object and metric family. combined table is intended for downstream statistics/visualization, with one row per image-mask context containing cross-module signatures"
mean_ER_surface_area,Flattened per-image/per-mask summary metric for a specific object and metric family.,"Combined table is intended for downstream statistics/visualization, with one row per image-mask context containing cross-module signatures.","Value comes from upstream grouped summaries (pandas groupby mean/median/std/sum/count/fraction) of morphology, interaction, or distribution metrics.","pandas (groupby, agg); infer-subc.quantification.batch","flattened per-image/per-mask summary metric for a specific object and metric family. combined table is intended for downstream statistics/visualization, with one row per image-mask context containing cross-module signatures"
mean_nuc_surface_area,Flattened per-image/per-mask summary metric for a specific object and metric family.,"Combined table is intended for downstream statistics/visualization, with one row per image-mask context containing cross-module signatures.","Value comes from upstream grouped summaries (pandas groupby mean/median/std/sum/count/fraction) of morphology, interaction, or distribution metrics.","pandas (groupby, agg); infer-subc.quantification.batch","flattened per-image/per-mask summary metric for a specific object and metric family. combined table is intended for downstream statistics/visualization, with one row per image-mask context containing cross-module signatures"
mean_cell_surface_area,Flattened per-image/per-mask summary metric for a specific object and metric family.,"Combined table is intended for downstream statistics/visualization, with one row per image-mask context containing cross-module signatures.","Value comes from upstream grouped summaries (pandas groupby mean/median/std/sum/count/fraction) of morphology, interaction, or distribution metrics.","pandas (groupby, agg); infer-subc.quantification.batch","flattened per-image/per-mask summary metric for a specific object and metric family. combined table is intended for downstream statistics/visualization, with one row per image-mask context containing cross-module signatures"
mean_mitoXlyso_surface_area,Flattened per-image/per-mask summary metric for a specific object and metric family.,"Combined table is intended for downstream statistics/visualization, with one row per image-mask context containing cross-module signatures.","Value comes from upstream grouped summaries (pandas groupby mean/median/std/sum/count/fraction) of morphology, interaction, or distribution metrics.","pandas (groupby, agg); infer-subc.quantification.batch","flattened per-image/per-mask summary metric for a specific object and metric family. combined table is intended for downstream statistics/visualization, with one row per image-mask context containing cross-module signatures"
mean_mitoXER_surface_area,Flattened per-image/per-mask summary metric for a specific object and metric family.,"Combined table is intended for downstream statistics/visualization, with one row per image-mask context containing cross-module signatures.","Value comes from upstream grouped summaries (pandas groupby mean/median/std/sum/count/fraction) of morphology, interaction, or distribution metrics.","pandas (groupby, agg); infer-subc.quantification.batch","flattened per-image/per-mask summary metric for a specific object and metric family. combined table is intended for downstream statistics/visualization, with one row per image-mask context containing cross-module signatures"
mean_mitoXlysoXER_surface_area,Flattened per-image/per-mask summary metric for a specific object and metric family.,"Combined table is intended for downstream statistics/visualization, with one row per image-mask context containing cross-module signatures.","Value comes from upstream grouped summaries (pandas groupby mean/median/std/sum/count/fraction) of morphology, interaction, or distribution metrics.","pandas (groupby, agg); infer-subc.quantification.batch","flattened per-image/per-mask summary metric for a specific object and metric family. combined table is intended for downstream statistics/visualization, with one row per image-mask context containing cross-module signatures"
median_mito_surface_area,Flattened per-image/per-mask summary metric for a specific object and metric family.,"Combined table is intended for downstream statistics/visualization, with one row per image-mask context containing cross-module signatures.","Value comes from upstream grouped summaries (pandas groupby mean/median/std/sum/count/fraction) of morphology, interaction, or distribution metrics.","pandas (groupby, agg); infer-subc.quantification.batch","flattened per-image/per-mask summary metric for a specific object and metric family. combined table is intended for downstream statistics/visualization, with one row per image-mask context containing cross-module signatures"
median_lyso_surface_area,Flattened per-image/per-mask summary metric for a specific object and metric family.,"Combined table is intended for downstream statistics/visualization, with one row per image-mask context containing cross-module signatures.","Value comes from upstream grouped summaries (pandas groupby mean/median/std/sum/count/fraction) of morphology, interaction, or distribution metrics.","pandas (groupby, agg); infer-subc.quantification.batch","flattened per-image/per-mask summary metric for a specific object and metric family. combined table is intended for downstream statistics/visualization, with one row per image-mask context containing cross-module signatures"
median_golgi_surface_area,Flattened per-image/per-mask summary metric for a specific object and metric family.,"Combined table is intended for downstream statistics/visualization, with one row per image-mask context containing cross-module signatures.","Value comes from upstream grouped summaries (pandas groupby mean/median/std/sum/count/fraction) of morphology, interaction, or distribution metrics.","pandas (groupby, agg); infer-subc.quantification.batch","flattened per-image/per-mask summary metric for a specific object and metric family. combined table is intended for downstream statistics/visualization, with one row per image-mask context containing cross-module signatures"
median_ER_surface_area,Flattened per-image/per-mask summary metric for a specific object and metric family.,"Combined table is intended for downstream statistics/visualization, with one row per image-mask context containing cross-module signatures.","Value comes from upstream grouped summaries (pandas groupby mean/median/std/sum/count/fraction) of morphology, interaction, or distribution metrics.","pandas (groupby, agg); infer-subc.quantification.batch","flattened per-image/per-mask summary metric for a specific object and metric family. combined table is intended for downstream statistics/visualization, with one row per image-mask context containing cross-module signatures"
median_nuc_surface_area,Flattened per-image/per-mask summary metric for a specific object and metric family.,"Combined table is intended for downstream statistics/visualization, with one row per image-mask context containing cross-module signatures.","Value comes from upstream grouped summaries (pandas groupby mean/median/std/sum/count/fraction) of morphology, interaction, or distribution metrics.","pandas (groupby, agg); infer-subc.quantification.batch","flattened per-image/per-mask summary metric for a specific object and metric family. combined table is intended for downstream statistics/visualization, with one row per image-mask context containing cross-module signatures"
median_cell_surface_area,Flattened per-image/per-mask summary metric for a specific object and metric family.,"Combined table is intended for downstream statistics/visualization, with one row per image-mask context containing cross-module signatures.","Value comes from upstream grouped summaries (pandas groupby mean/median/std/sum/count/fraction) of morphology, interaction, or distribution metrics.","pandas (groupby, agg); infer-subc.quantification.batch","flattened per-image/per-mask summary metric for a specific object and metric family. combined table is intended for downstream statistics/visualization, with one row per image-mask context containing cross-module signatures"
median_mitoXlyso_surface_area,Flattened per-image/per-mask summary metric for a specific object and metric family.,"Combined table is intended for downstream statistics/visualization, with one row per image-mask context containing cross-module signatures.","Value comes from upstream grouped summaries (pandas groupby mean/median/std/sum/count/fraction) of morphology, interaction, or distribution metrics.","pandas (groupby, agg); infer-subc.quantification.batch","flattened per-image/per-mask summary metric for a specific object and metric family. combined table is intended for downstream statistics/visualization, with one row per image-mask context containing cross-module signatures"
median_mitoXER_surface_area,Flattened per-image/per-mask summary metric for a specific object and metric family.,"Combined table is intended for downstream statistics/visualization, with one row per image-mask context containing cross-module signatures.","Value comes from upstream grouped summaries (pandas groupby mean/median/std/sum/count/fraction) of morphology, interaction, or distribution metrics.","pandas (groupby, agg); infer-subc.quantification.batch","flattened per-image/per-mask summary metric for a specific object and metric family. combined table is intended for downstream statistics/visualization, with one row per image-mask context containing cross-module signatures"
median_mitoXlysoXER_surface_area,Flattened per-image/per-mask summary metric for a specific object and metric family.,"Combined table is intended for downstream statistics/visualization, with one row per image-mask context containing cross-module signatures.","Value comes from upstream grouped summaries (pandas groupby mean/median/std/sum/count/fraction) of morphology, interaction, or distribution metrics.","pandas (groupby, agg); infer-subc.quantification.batch","flattened per-image/per-mask summary metric for a specific object and metric family. combined table is intended for downstream statistics/visualization, with one row per image-mask context containing cross-module signatures"
std_mito_surface_area,Flattened per-image/per-mask summary metric for a specific object and metric family.,"Combined table is intended for downstream statistics/visualization, with one row per image-mask context containing cross-module signatures.","Value comes from upstream grouped summaries (pandas groupby mean/median/std/sum/count/fraction) of morphology, interaction, or distribution metrics.","pandas (groupby, agg); infer-subc.quantification.batch","flattened per-image/per-mask summary metric for a specific object and metric family. combined table is intended for downstream statistics/visualization, with one row per image-mask context containing cross-module signatures"
std_lyso_surface_area,Flattened per-image/per-mask summary metric for a specific object and metric family.,"Combined table is intended for downstream statistics/visualization, with one row per image-mask context containing cross-module signatures.","Value comes from upstream grouped summaries (pandas groupby mean/median/std/sum/count/fraction) of morphology, interaction, or distribution metrics.","pandas (groupby, agg); infer-subc.quantification.batch","flattened per-image/per-mask summary metric for a specific object and metric family. combined table is intended for downstream statistics/visualization, with one row per image-mask context containing cross-module signatures"
std_golgi_surface_area,Flattened per-image/per-mask summary metric for a specific object and metric family.,"Combined table is intended for downstream statistics/visualization, with one row per image-mask context containing cross-module signatures.","Value comes from upstream grouped summaries (pandas groupby mean/median/std/sum/count/fraction) of morphology, interaction, or distribution metrics.","pandas (groupby, agg); infer-subc.quantification.batch","flattened per-image/per-mask summary metric for a specific object and metric family. combined table is intended for downstream statistics/visualization, with one row per image-mask context containing cross-module signatures"
std_ER_surface_area,Flattened per-image/per-mask summary metric for a specific object and metric family.,"Combined table is intended for downstream statistics/visualization, with one row per image-mask context containing cross-module signatures.","Value comes from upstream grouped summaries (pandas groupby mean/median/std/sum/count/fraction) of morphology, interaction, or distribution metrics.","pandas (groupby, agg); infer-subc.quantification.batch","flattened per-image/per-mask summary metric for a specific object and metric family. combined table is intended for downstream statistics/visualization, with one row per image-mask context containing cross-module signatures"
std_nuc_surface_area,Flattened per-image/per-mask summary metric for a specific object and metric family.,"Combined table is intended for downstream statistics/visualization, with one row per image-mask context containing cross-module signatures.","Value comes from upstream grouped summaries (pandas groupby mean/median/std/sum/count/fraction) of morphology, interaction, or distribution metrics.","pandas (groupby, agg); infer-subc.quantification.batch","flattened per-image/per-mask summary metric for a specific object and metric family. combined table is intended for downstream statistics/visualization, with one row per image-mask context containing cross-module signatures"
std_cell_surface_area,Flattened per-image/per-mask summary metric for a specific object and metric family.,"Combined table is intended for downstream statistics/visualization, with one row per image-mask context containing cross-module signatures.","Value comes from upstream grouped summaries (pandas groupby mean/median/std/sum/count/fraction) of morphology, interaction, or distribution metrics.","pandas (groupby, agg); infer-subc.quantification.batch","flattened per-image/per-mask summary metric for a specific object and metric family. combined table is intended for downstream statistics/visualization, with one row per image-mask context containing cross-module signatures"
std_mitoXlyso_surface_area,Flattened per-image/per-mask summary metric for a specific object and metric family.,"Combined table is intended for downstream statistics/visualization, with one row per image-mask context containing cross-module signatures.","Value comes from upstream grouped summaries (pandas groupby mean/median/std/sum/count/fraction) of morphology, interaction, or distribution metrics.","pandas (groupby, agg); infer-subc.quantification.batch","flattened per-image/per-mask summary metric for a specific object and metric family. combined table is intended for downstream statistics/visualization, with one row per image-mask context containing cross-module signatures"
std_mitoXER_surface_area,Flattened per-image/per-mask summary metric for a specific object and metric family.,"Combined table is intended for downstream statistics/visualization, with one row per image-mask context containing cross-module signatures.","Value comes from upstream grouped summaries (pandas groupby mean/median/std/sum/count/fraction) of morphology, interaction, or distribution metrics.","pandas (groupby, agg); infer-subc.quantification.batch","flattened per-image/per-mask summary metric for a specific object and metric family. combined table is intended for downstream statistics/visualization, with one row per image-mask context containing cross-module signatures"
std_mitoXlysoXER_surface_area,Flattened per-image/per-mask summary metric for a specific object and metric family.,"Combined table is intended for downstream statistics/visualization, with one row per image-mask context containing cross-module signatures.","Value comes from upstream grouped summaries (pandas groupby mean/median/std/sum/count/fraction) of morphology, interaction, or distribution metrics.","pandas (groupby, agg); infer-subc.quantification.batch","flattened per-image/per-mask summary metric for a specific object and metric family. combined table is intended for downstream statistics/visualization, with one row per image-mask context containing cross-module signatures"
mean_mito_SA_to_volume_ratio,Flattened per-image/per-mask summary metric for a specific object and metric family.,"Combined table is intended for downstream statistics/visualization, with one row per image-mask context containing cross-module signatures.","Value comes from upstream grouped summaries (pandas groupby mean/median/std/sum/count/fraction) of morphology, interaction, or distribution metrics.","pandas (groupby, agg); infer-subc.quantification.batch","flattened per-image/per-mask summary metric for a specific object and metric family. combined table is intended for downstream statistics/visualization, with one row per image-mask context containing cross-module signatures"
mean_lyso_SA_to_volume_ratio,Flattened per-image/per-mask summary metric for a specific object and metric family.,"Combined table is intended for downstream statistics/visualization, with one row per image-mask context containing cross-module signatures.","Value comes from upstream grouped summaries (pandas groupby mean/median/std/sum/count/fraction) of morphology, interaction, or distribution metrics.","pandas (groupby, agg); infer-subc.quantification.batch","flattened per-image/per-mask summary metric for a specific object and metric family. combined table is intended for downstream statistics/visualization, with one row per image-mask context containing cross-module signatures"
mean_golgi_SA_to_volume_ratio,Flattened per-image/per-mask summary metric for a specific object and metric family.,"Combined table is intended for downstream statistics/visualization, with one row per image-mask context containing cross-module signatures.","Value comes from upstream grouped summaries (pandas groupby mean/median/std/sum/count/fraction) of morphology, interaction, or distribution metrics.","pandas (groupby, agg); infer-subc.quantification.batch","flattened per-image/per-mask summary metric for a specific object and metric family. combined table is intended for downstream statistics/visualization, with one row per image-mask context containing cross-module signatures"
mean_ER_SA_to_volume_ratio,Flattened per-image/per-mask summary metric for a specific object and metric family.,"Combined table is intended for downstream statistics/visualization, with one row per image-mask context containing cross-module signatures.","Value comes from upstream grouped summaries (pandas groupby mean/median/std/sum/count/fraction) of morphology, interaction, or distribution metrics.","pandas (groupby, agg); infer-subc.quantification.batch","flattened per-image/per-mask summary metric for a specific object and metric family. combined table is intended for downstream statistics/visualization, with one row per image-mask context containing cross-module signatures"
mean_nuc_SA_to_volume_ratio,Flattened per-image/per-mask summary metric for a specific object and metric family.,"Combined table is intended for downstream statistics/visualization, with one row per image-mask context containing cross-module signatures.","Value comes from upstream grouped summaries (pandas groupby mean/median/std/sum/count/fraction) of morphology, interaction, or distribution metrics.","pandas (groupby, agg); infer-subc.quantification.batch","flattened per-image/per-mask summary metric for a specific object and metric family. combined table is intended for downstream statistics/visualization, with one row per image-mask context containing cross-module signatures"
mean_cell_SA_to_volume_ratio,Flattened per-image/per-mask summary metric for a specific object and metric family.,"Combined table is intended for downstream statistics/visualization, with one row per image-mask context containing cross-module signatures.","Value comes from upstream grouped summaries (pandas groupby mean/median/std/sum/count/fraction) of morphology, interaction, or distribution metrics.","pandas (groupby, agg); infer-subc.quantification.batch","flattened per-image/per-mask summary metric for a specific object and metric family. combined table is intended for downstream statistics/visualization, with one row per image-mask context containing cross-module signatures"
mean_mitoXlyso_SA_to_volume_ratio,Flattened per-image/per-mask summary metric for a specific object and metric family.,"Combined table is intended for downstream statistics/visualization, with one row per image-mask context containing cross-module signatures.","Value comes from upstream grouped summaries (pandas groupby mean/median/std/sum/count/fraction) of morphology, interaction, or distribution metrics.","pandas (groupby, agg); infer-subc.quantification.batch","flattened per-image/per-mask summary metric for a specific object and metric family. combined table is intended for downstream statistics/visualization, with one row per image-mask context containing cross-module signatures"
mean_mitoXER_SA_to_volume_ratio,Flattened per-image/per-mask summary metric for a specific object and metric family.,"Combined table is intended for downstream statistics/visualization, with one row per image-mask context containing cross-module signatures.","Value comes from upstream grouped summaries (pandas groupby mean/median/std/sum/count/fraction) of morphology, interaction, or distribution metrics.","pandas (groupby, agg); infer-subc.quantification.batch","flattened per-image/per-mask summary metric for a specific object and metric family. combined table is intended for downstream statistics/visualization, with one row per image-mask context containing cross-module signatures"
mean_mitoXlysoXER_SA_to_volume_ratio,Flattened per-image/per-mask summary metric for a specific object and metric family.,"Combined table is intended for downstream statistics/visualization, with one row per image-mask context containing cross-module signatures.","Value comes from upstream grouped summaries (pandas groupby mean/median/std/sum/count/fraction) of morphology, interaction, or distribution metrics.","pandas (groupby, agg); infer-subc.quantification.batch","flattened per-image/per-mask summary metric for a specific object and metric family. combined table is intended for downstream statistics/visualization, with one row per image-mask context containing cross-module signatures"
median_mito_SA_to_volume_ratio,Flattened per-image/per-mask summary metric for a specific object and metric family.,"Combined table is intended for downstream statistics/visualization, with one row per image-mask context containing cross-module signatures.","Value comes from upstream grouped summaries (pandas groupby mean/median/std/sum/count/fraction) of morphology, interaction, or distribution metrics.","pandas (groupby, agg); infer-subc.quantification.batch","flattened per-image/per-mask summary metric for a specific object and metric family. combined table is intended for downstream statistics/visualization, with one row per image-mask context containing cross-module signatures"
median_lyso_SA_to_volume_ratio,Flattened per-image/per-mask summary metric for a specific object and metric family.,"Combined table is intended for downstream statistics/visualization, with one row per image-mask context containing cross-module signatures.","Value comes from upstream grouped summaries (pandas groupby mean/median/std/sum/count/fraction) of morphology, interaction, or distribution metrics.","pandas (groupby, agg); infer-subc.quantification.batch","flattened per-image/per-mask summary metric for a specific object and metric family. combined table is intended for downstream statistics/visualization, with one row per image-mask context containing cross-module signatures"
median_golgi_SA_to_volume_ratio,Flattened per-image/per-mask summary metric for a specific object and metric family.,"Combined table is intended for downstream statistics/visualization, with one row per image-mask context containing cross-module signatures.","Value comes from upstream grouped summaries (pandas groupby mean/median/std/sum/count/fraction) of morphology, interaction, or distribution metrics.","pandas (groupby, agg); infer-subc.quantification.batch","flattened per-image/per-mask summary metric for a specific object and metric family. combined table is intended for downstream statistics/visualization, with one row per image-mask context containing cross-module signatures"
median_ER_SA_to_volume_ratio,Flattened per-image/per-mask summary metric for a specific object and metric family.,"Combined table is intended for downstream statistics/visualization, with one row per image-mask context containing cross-module signatures.","Value comes from upstream grouped summaries (pandas groupby mean/median/std/sum/count/fraction) of morphology, interaction, or distribution metrics.","pandas (groupby, agg); infer-subc.quantification.batch","flattened per-image/per-mask summary metric for a specific object and metric family. combined table is intended for downstream statistics/visualization, with one row per image-mask context containing cross-module signatures"
median_nuc_SA_to_volume_ratio,Flattened per-image/per-mask summary metric for a specific object and metric family.,"Combined table is intended for downstream statistics/visualization, with one row per image-mask context containing cross-module signatures.","Value comes from upstream grouped summaries (pandas groupby mean/median/std/sum/count/fraction) of morphology, interaction, or distribution metrics.","pandas (groupby, agg); infer-subc.quantification.batch","flattened per-image/per-mask summary metric for a specific object and metric family. combined table is intended for downstream statistics/visualization, with one row per image-mask context containing cross-module signatures"
median_cell_SA_to_volume_ratio,Flattened per-image/per-mask summary metric for a specific object and metric family.,"Combined table is intended for downstream statistics/visualization, with one row per image-mask context containing cross-module signatures.","Value comes from upstream grouped summaries (pandas groupby mean/median/std/sum/count/fraction) of morphology, interaction, or distribution metrics.","pandas (groupby, agg); infer-subc.quantification.batch","flattened per-image/per-mask summary metric for a specific object and metric family. combined table is intended for downstream statistics/visualization, with one row per image-mask context containing cross-module signatures"
median_mitoXlyso_SA_to_volume_ratio,Flattened per-image/per-mask summary metric for a specific object and metric family.,"Combined table is intended for downstream statistics/visualization, with one row per image-mask context containing cross-module signatures.","Value comes from upstream grouped summaries (pandas groupby mean/median/std/sum/count/fraction) of morphology, interaction, or distribution metrics.","pandas (groupby, agg); infer-subc.quantification.batch","flattened per-image/per-mask summary metric for a specific object and metric family. combined table is intended for downstream statistics/visualization, with one row per image-mask context containing cross-module signatures"
median_mitoXER_SA_to_volume_ratio,Flattened per-image/per-mask summary metric for a specific object and metric family.,"Combined table is intended for downstream statistics/visualization, with one row per image-mask context containing cross-module signatures.","Value comes from upstream grouped summaries (pandas groupby mean/median/std/sum/count/fraction) of morphology, interaction, or distribution metrics.","pandas (groupby, agg); infer-subc.quantification.batch","flattened per-image/per-mask summary metric for a specific object and metric family. combined table is intended for downstream statistics/visualization, with one row per image-mask context containing cross-module signatures"
median_mitoXlysoXER_SA_to_volume_ratio,Flattened per-image/per-mask summary metric for a specific object and metric family.,"Combined table is intended for downstream statistics/visualization, with one row per image-mask context containing cross-module signatures.","Value comes from upstream grouped summaries (pandas groupby mean/median/std/sum/count/fraction) of morphology, interaction, or distribution metrics.","pandas (groupby, agg); infer-subc.quantification.batch","flattened per-image/per-mask summary metric for a specific object and metric family. combined table is intended for downstream statistics/visualization, with one row per image-mask context containing cross-module signatures"
std_mito_SA_to_volume_ratio,Flattened per-image/per-mask summary metric for a specific object and metric family.,"Combined table is intended for downstream statistics/visualization, with one row per image-mask context containing cross-module signatures.","Value comes from upstream grouped summaries (pandas groupby mean/median/std/sum/count/fraction) of morphology, interaction, or distribution metrics.","pandas (groupby, agg); infer-subc.quantification.batch","flattened per-image/per-mask summary metric for a specific object and metric family. combined table is intended for downstream statistics/visualization, with one row per image-mask context containing cross-module signatures"
std_lyso_SA_to_volume_ratio,Flattened per-image/per-mask summary metric for a specific object and metric family.,"Combined table is intended for downstream statistics/visualization, with one row per image-mask context containing cross-module signatures.","Value comes from upstream grouped summaries (pandas groupby mean/median/std/sum/count/fraction) of morphology, interaction, or distribution metrics.","pandas (groupby, agg); infer-subc.quantification.batch","flattened per-image/per-mask summary metric for a specific object and metric family. combined table is intended for downstream statistics/visualization, with one row per image-mask context containing cross-module signatures"
std_golgi_SA_to_volume_ratio,Flattened per-image/per-mask summary metric for a specific object and metric family.,"Combined table is intended for downstream statistics/visualization, with one row per image-mask context containing cross-module signatures.","Value comes from upstream grouped summaries (pandas groupby mean/median/std/sum/count/fraction) of morphology, interaction, or distribution metrics.","pandas (groupby, agg); infer-subc.quantification.batch","flattened per-image/per-mask summary metric for a specific object and metric family. combined table is intended for downstream statistics/visualization, with one row per image-mask context containing cross-module signatures"
std_ER_SA_to_volume_ratio,Flattened per-image/per-mask summary metric for a specific object and metric family.,"Combined table is intended for downstream statistics/visualization, with one row per image-mask context containing cross-module signatures.","Value comes from upstream grouped summaries (pandas groupby mean/median/std/sum/count/fraction) of morphology, interaction, or distribution metrics.","pandas (groupby, agg); infer-subc.quantification.batch","flattened per-image/per-mask summary metric for a specific object and metric family. combined table is intended for downstream statistics/visualization, with one row per image-mask context containing cross-module signatures"
std_nuc_SA_to_volume_ratio,Flattened per-image/per-mask summary metric for a specific object and metric family.,"Combined table is intended for downstream statistics/visualization, with one row per image-mask context containing cross-module signatures.","Value comes from upstream grouped summaries (pandas groupby mean/median/std/sum/count/fraction) of morphology, interaction, or distribution metrics.","pandas (groupby, agg); infer-subc.quantification.batch","flattened per-image/per-mask summary metric for a specific object and metric family. combined table is intended for downstream statistics/visualization, with one row per image-mask context containing cross-module signatures"
std_cell_SA_to_volume_ratio,Flattened per-image/per-mask summary metric for a specific object and metric family.,"Combined table is intended for downstream statistics/visualization, with one row per image-mask context containing cross-module signatures.","Value comes from upstream grouped summaries (pandas groupby mean/median/std/sum/count/fraction) of morphology, interaction, or distribution metrics.","pandas (groupby, agg); infer-subc.quantification.batch","flattened per-image/per-mask summary metric for a specific object and metric family. combined table is intended for downstream statistics/visualization, with one row per image-mask context containing cross-module signatures"
std_mitoXlyso_SA_to_volume_ratio,Flattened per-image/per-mask summary metric for a specific object and metric family.,"Combined table is intended for downstream statistics/visualization, with one row per image-mask context containing cross-module signatures.","Value comes from upstream grouped summaries (pandas groupby mean/median/std/sum/count/fraction) of morphology, interaction, or distribution metrics.","pandas (groupby, agg); infer-subc.quantification.batch","flattened per-image/per-mask summary metric for a specific object and metric family. combined table is intended for downstream statistics/visualization, with one row per image-mask context containing cross-module signatures"
std_mitoXER_SA_to_volume_ratio,Flattened per-image/per-mask summary metric for a specific object and metric family.,"Combined table is intended for downstream statistics/visualization, with one row per image-mask context containing cross-module signatures.","Value comes from upstream grouped summaries (pandas groupby mean/median/std/sum/count/fraction) of morphology, interaction, or distribution metrics.","pandas (groupby, agg); infer-subc.quantification.batch","flattened per-image/per-mask summary metric for a specific object and metric family. combined table is intended for downstream statistics/visualization, with one row per image-mask context containing cross-module signatures"
std_mitoXlysoXER_SA_to_volume_ratio,Flattened per-image/per-mask summary metric for a specific object and metric family.,"Combined table is intended for downstream statistics/visualization, with one row per image-mask context containing cross-module signatures.","Value comes from upstream grouped summaries (pandas groupby mean/median/std/sum/count/fraction) of morphology, interaction, or distribution metrics.","pandas (groupby, agg); infer-subc.quantification.batch","flattened per-image/per-mask summary metric for a specific object and metric family. combined table is intended for downstream statistics/visualization, with one row per image-mask context containing cross-module signatures"
mean_mito_equivalent_diameter,Flattened per-image/per-mask summary metric for a specific object and metric family.,"Combined table is intended for downstream statistics/visualization, with one row per image-mask context containing cross-module signatures.","Value comes from upstream grouped summaries (pandas groupby mean/median/std/sum/count/fraction) of morphology, interaction, or distribution metrics.","pandas (groupby, agg); infer-subc.quantification.batch","flattened per-image/per-mask summary metric for a specific object and metric family. combined table is intended for downstream statistics/visualization, with one row per image-mask context containing cross-module signatures"
mean_lyso_equivalent_diameter,Flattened per-image/per-mask summary metric for a specific object and metric family.,"Combined table is intended for downstream statistics/visualization, with one row per image-mask context containing cross-module signatures.","Value comes from upstream grouped summaries (pandas groupby mean/median/std/sum/count/fraction) of morphology, interaction, or distribution metrics.","pandas (groupby, agg); infer-subc.quantification.batch","flattened per-image/per-mask summary metric for a specific object and metric family. combined table is intended for downstream statistics/visualization, with one row per image-mask context containing cross-module signatures"
mean_golgi_equivalent_diameter,Flattened per-image/per-mask summary metric for a specific object and metric family.,"Combined table is intended for downstream statistics/visualization, with one row per image-mask context containing cross-module signatures.","Value comes from upstream grouped summaries (pandas groupby mean/median/std/sum/count/fraction) of morphology, interaction, or distribution metrics.","pandas (groupby, agg); infer-subc.quantification.batch","flattened per-image/per-mask summary metric for a specific object and metric family. combined table is intended for downstream statistics/visualization, with one row per image-mask context containing cross-module signatures"
mean_ER_equivalent_diameter,Flattened per-image/per-mask summary metric for a specific object and metric family.,"Combined table is intended for downstream statistics/visualization, with one row per image-mask context containing cross-module signatures.","Value comes from upstream grouped summaries (pandas groupby mean/median/std/sum/count/fraction) of morphology, interaction, or distribution metrics.","pandas (groupby, agg); infer-subc.quantification.batch","flattened per-image/per-mask summary metric for a specific object and metric family. combined table is intended for downstream statistics/visualization, with one row per image-mask context containing cross-module signatures"
mean_nuc_equivalent_diameter,Flattened per-image/per-mask summary metric for a specific object and metric family.,"Combined table is intended for downstream statistics/visualization, with one row per image-mask context containing cross-module signatures.","Value comes from upstream grouped summaries (pandas groupby mean/median/std/sum/count/fraction) of morphology, interaction, or distribution metrics.","pandas (groupby, agg); infer-subc.quantification.batch","flattened per-image/per-mask summary metric for a specific object and metric family. combined table is intended for downstream statistics/visualization, with one row per image-mask context containing cross-module signatures"
mean_cell_equivalent_diameter,Flattened per-image/per-mask summary metric for a specific object and metric family.,"Combined table is intended for downstream statistics/visualization, with one row per image-mask context containing cross-module signatures.","Value comes from upstream grouped summaries (pandas groupby mean/median/std/sum/count/fraction) of morphology, interaction, or distribution metrics.","pandas (groupby, agg); infer-subc.quantification.batch","flattened per-image/per-mask summary metric for a specific object and metric family. combined table is intended for downstream statistics/visualization, with one row per image-mask context containing cross-module signatures"
mean_mitoXlyso_equivalent_diameter,Flattened per-image/per-mask summary metric for a specific object and metric family.,"Combined table is intended for downstream statistics/visualization, with one row per image-mask context containing cross-module signatures.","Value comes from upstream grouped summaries (pandas groupby mean/median/std/sum/count/fraction) of morphology, interaction, or distribution metrics.","pandas (groupby, agg); infer-subc.quantification.batch","flattened per-image/per-mask summary metric for a specific object and metric family. combined table is intended for downstream statistics/visualization, with one row per image-mask context containing cross-module signatures"
mean_mitoXER_equivalent_diameter,Flattened per-image/per-mask summary metric for a specific object and metric family.,"Combined table is intended for downstream statistics/visualization, with one row per image-mask context containing cross-module signatures.","Value comes from upstream grouped summaries (pandas groupby mean/median/std/sum/count/fraction) of morphology, interaction, or distribution metrics.","pandas (groupby, agg); infer-subc.quantification.batch","flattened per-image/per-mask summary metric for a specific object and metric family. combined table is intended for downstream statistics/visualization, with one row per image-mask context containing cross-module signatures"
mean_mitoXlysoXER_equivalent_diameter,Flattened per-image/per-mask summary metric for a specific object and metric family.,"Combined table is intended for downstream statistics/visualization, with one row per image-mask context containing cross-module signatures.","Value comes from upstream grouped summaries (pandas groupby mean/median/std/sum/count/fraction) of morphology, interaction, or distribution metrics.","pandas (groupby, agg); infer-subc.quantification.batch","flattened per-image/per-mask summary metric for a specific object and metric family. combined table is intended for downstream statistics/visualization, with one row per image-mask context containing cross-module signatures"
median_mito_equivalent_diameter,Flattened per-image/per-mask summary metric for a specific object and metric family.,"Combined table is intended for downstream statistics/visualization, with one row per image-mask context containing cross-module signatures.","Value comes from upstream grouped summaries (pandas groupby mean/median/std/sum/count/fraction) of morphology, interaction, or distribution metrics.","pandas (groupby, agg); infer-subc.quantification.batch","flattened per-image/per-mask summary metric for a specific object and metric family. combined table is intended for downstream statistics/visualization, with one row per image-mask context containing cross-module signatures"
median_lyso_equivalent_diameter,Flattened per-image/per-mask summary metric for a specific object and metric family.,"Combined table is intended for downstream statistics/visualization, with one row per image-mask context containing cross-module signatures.","Value comes from upstream grouped summaries (pandas groupby mean/median/std/sum/count/fraction) of morphology, interaction, or distribution metrics.","pandas (groupby, agg); infer-subc.quantification.batch","flattened per-image/per-mask summary metric for a specific object and metric family. combined table is intended for downstream statistics/visualization, with one row per image-mask context containing cross-module signatures"
median_golgi_equivalent_diameter,Flattened per-image/per-mask summary metric for a specific object and metric family.,"Combined table is intended for downstream statistics/visualization, with one row per image-mask context containing cross-module signatures.","Value comes from upstream grouped summaries (pandas groupby mean/median/std/sum/count/fraction) of morphology, interaction, or distribution metrics.","pandas (groupby, agg); infer-subc.quantification.batch","flattened per-image/per-mask summary metric for a specific object and metric family. combined table is intended for downstream statistics/visualization, with one row per image-mask context containing cross-module signatures"
median_ER_equivalent_diameter,Flattened per-image/per-mask summary metric for a specific object and metric family.,"Combined table is intended for downstream statistics/visualization, with one row per image-mask context containing cross-module signatures.","Value comes from upstream grouped summaries (pandas groupby mean/median/std/sum/count/fraction) of morphology, interaction, or distribution metrics.","pandas (groupby, agg); infer-subc.quantification.batch","flattened per-image/per-mask summary metric for a specific object and metric family. combined table is intended for downstream statistics/visualization, with one row per image-mask context containing cross-module signatures"
median_nuc_equivalent_diameter,Flattened per-image/per-mask summary metric for a specific object and metric family.,"Combined table is intended for downstream statistics/visualization, with one row per image-mask context containing cross-module signatures.","Value comes from upstream grouped summaries (pandas groupby mean/median/std/sum/count/fraction) of morphology, interaction, or distribution metrics.","pandas (groupby, agg); infer-subc.quantification.batch","flattened per-image/per-mask summary metric for a specific object and metric family. combined table is intended for downstream statistics/visualization, with one row per image-mask context containing cross-module signatures"
median_cell_equivalent_diameter,Flattened per-image/per-mask summary metric for a specific object and metric family.,"Combined table is intended for downstream statistics/visualization, with one row per image-mask context containing cross-module signatures.","Value comes from upstream grouped summaries (pandas groupby mean/median/std/sum/count/fraction) of morphology, interaction, or distribution metrics.","pandas (groupby, agg); infer-subc.quantification.batch","flattened per-image/per-mask summary metric for a specific object and metric family. combined table is intended for downstream statistics/visualization, with one row per image-mask context containing cross-module signatures"
median_mitoXlyso_equivalent_diameter,Flattened per-image/per-mask summary metric for a specific object and metric family.,"Combined table is intended for downstream statistics/visualization, with one row per image-mask context containing cross-module signatures.","Value comes from upstream grouped summaries (pandas groupby mean/median/std/sum/count/fraction) of morphology, interaction, or distribution metrics.","pandas (groupby, agg); infer-subc.quantification.batch","flattened per-image/per-mask summary metric for a specific object and metric family. combined table is intended for downstream statistics/visualization, with one row per image-mask context containing cross-module signatures"
median_mitoXER_equivalent_diameter,Flattened per-image/per-mask summary metric for a specific object and metric family.,"Combined table is intended for downstream statistics/visualization, with one row per image-mask context containing cross-module signatures.","Value comes from upstream grouped summaries (pandas groupby mean/median/std/sum/count/fraction) of morphology, interaction, or distribution metrics.","pandas (groupby, agg); infer-subc.quantification.batch","flattened per-image/per-mask summary metric for a specific object and metric family. combined table is intended for downstream statistics/visualization, with one row per image-mask context containing cross-module signatures"
median_mitoXlysoXER_equivalent_diameter,Flattened per-image/per-mask summary metric for a specific object and metric family.,"Combined table is intended for downstream statistics/visualization, with one row per image-mask context containing cross-module signatures.","Value comes from upstream grouped summaries (pandas groupby mean/median/std/sum/count/fraction) of morphology, interaction, or distribution metrics.","pandas (groupby, agg); infer-subc.quantification.batch","flattened per-image/per-mask summary metric for a specific object and metric family. combined table is intended for downstream statistics/visualization, with one row per image-mask context containing cross-module signatures"
std_mito_equivalent_diameter,Flattened per-image/per-mask summary metric for a specific object and metric family.,"Combined table is intended for downstream statistics/visualization, with one row per image-mask context containing cross-module signatures.","Value comes from upstream grouped summaries (pandas groupby mean/median/std/sum/count/fraction) of morphology, interaction, or distribution metrics.","pandas (groupby, agg); infer-subc.quantification.batch","flattened per-image/per-mask summary metric for a specific object and metric family. combined table is intended for downstream statistics/visualization, with one row per image-mask context containing cross-module signatures"
std_lyso_equivalent_diameter,Flattened per-image/per-mask summary metric for a specific object and metric family.,"Combined table is intended for downstream statistics/visualization, with one row per image-mask context containing cross-module signatures.","Value comes from upstream grouped summaries (pandas groupby mean/median/std/sum/count/fraction) of morphology, interaction, or distribution metrics.","pandas (groupby, agg); infer-subc.quantification.batch","flattened per-image/per-mask summary metric for a specific object and metric family. combined table is intended for downstream statistics/visualization, with one row per image-mask context containing cross-module signatures"
std_golgi_equivalent_diameter,Flattened per-image/per-mask summary metric for a specific object and metric family.,"Combined table is intended for downstream statistics/visualization, with one row per image-mask context containing cross-module signatures.","Value comes from upstream grouped summaries (pandas groupby mean/median/std/sum/count/fraction) of morphology, interaction, or distribution metrics.","pandas (groupby, agg); infer-subc.quantification.batch","flattened per-image/per-mask summary metric for a specific object and metric family. combined table is intended for downstream statistics/visualization, with one row per image-mask context containing cross-module signatures"
std_ER_equivalent_diameter,Flattened per-image/per-mask summary metric for a specific object and metric family.,"Combined table is intended for downstream statistics/visualization, with one row per image-mask context containing cross-module signatures.","Value comes from upstream grouped summaries (pandas groupby mean/median/std/sum/count/fraction) of morphology, interaction, or distribution metrics.","pandas (groupby, agg); infer-subc.quantification.batch","flattened per-image/per-mask summary metric for a specific object and metric family. combined table is intended for downstream statistics/visualization, with one row per image-mask context containing cross-module signatures"
std_nuc_equivalent_diameter,Flattened per-image/per-mask summary metric for a specific object and metric family.,"Combined table is intended for downstream statistics/visualization, with one row per image-mask context containing cross-module signatures.","Value comes from upstream grouped summaries (pandas groupby mean/median/std/sum/count/fraction) of morphology, interaction, or distribution metrics.","pandas (groupby, agg); infer-subc.quantification.batch","flattened per-image/per-mask summary metric for a specific object and metric family. combined table is intended for downstream statistics/visualization, with one row per image-mask context containing cross-module signatures"
std_cell_equivalent_diameter,Flattened per-image/per-mask summary metric for a specific object and metric family.,"Combined table is intended for downstream statistics/visualization, with one row per image-mask context containing cross-module signatures.","Value comes from upstream grouped summaries (pandas groupby mean/median/std/sum/count/fraction) of morphology, interaction, or distribution metrics.","pandas (groupby, agg); infer-subc.quantification.batch","flattened per-image/per-mask summary metric for a specific object and metric family. combined table is intended for downstream statistics/visualization, with one row per image-mask context containing cross-module signatures"
std_mitoXlyso_equivalent_diameter,Flattened per-image/per-mask summary metric for a specific object and metric family.,"Combined table is intended for downstream statistics/visualization, with one row per image-mask context containing cross-module signatures.","Value comes from upstream grouped summaries (pandas groupby mean/median/std/sum/count/fraction) of morphology, interaction, or distribution metrics.","pandas (groupby, agg); infer-subc.quantification.batch","flattened per-image/per-mask summary metric for a specific object and metric family. combined table is intended for downstream statistics/visualization, with one row per image-mask context containing cross-module signatures"
std_mitoXER_equivalent_diameter,Flattened per-image/per-mask summary metric for a specific object and metric family.,"Combined table is intended for downstream statistics/visualization, with one row per image-mask context containing cross-module signatures.","Value comes from upstream grouped summaries (pandas groupby mean/median/std/sum/count/fraction) of morphology, interaction, or distribution metrics.","pandas (groupby, agg); infer-subc.quantification.batch","flattened per-image/per-mask summary metric for a specific object and metric family. combined table is intended for downstream statistics/visualization, with one row per image-mask context containing cross-module signatures"
std_mitoXlysoXER_equivalent_diameter,Flattened per-image/per-mask summary metric for a specific object and metric family.,"Combined table is intended for downstream statistics/visualization, with one row per image-mask context containing cross-module signatures.","Value comes from upstream grouped summaries (pandas groupby mean/median/std/sum/count/fraction) of morphology, interaction, or distribution metrics.","pandas (groupby, agg); infer-subc.quantification.batch","flattened per-image/per-mask summary metric for a specific object and metric family. combined table is intended for downstream statistics/visualization, with one row per image-mask context containing cross-module signatures"
mean_mito_extent,Flattened per-image/per-mask summary metric for a specific object and metric family.,"Combined table is intended for downstream statistics/visualization, with one row per image-mask context containing cross-module signatures.","Value comes from upstream grouped summaries (pandas groupby mean/median/std/sum/count/fraction) of morphology, interaction, or distribution metrics.","pandas (groupby, agg); infer-subc.quantification.batch","flattened per-image/per-mask summary metric for a specific object and metric family. combined table is intended for downstream statistics/visualization, with one row per image-mask context containing cross-module signatures"
mean_lyso_extent,Flattened per-image/per-mask summary metric for a specific object and metric family.,"Combined table is intended for downstream statistics/visualization, with one row per image-mask context containing cross-module signatures.","Value comes from upstream grouped summaries (pandas groupby mean/median/std/sum/count/fraction) of morphology, interaction, or distribution metrics.","pandas (groupby, agg); infer-subc.quantification.batch","flattened per-image/per-mask summary metric for a specific object and metric family. combined table is intended for downstream statistics/visualization, with one row per image-mask context containing cross-module signatures"
mean_golgi_extent,Flattened per-image/per-mask summary metric for a specific object and metric family.,"Combined table is intended for downstream statistics/visualization, with one row per image-mask context containing cross-module signatures.","Value comes from upstream grouped summaries (pandas groupby mean/median/std/sum/count/fraction) of morphology, interaction, or distribution metrics.","pandas (groupby, agg); infer-subc.quantification.batch","flattened per-image/per-mask summary metric for a specific object and metric family. combined table is intended for downstream statistics/visualization, with one row per image-mask context containing cross-module signatures"
mean_ER_extent,Flattened per-image/per-mask summary metric for a specific object and metric family.,"Combined table is intended for downstream statistics/visualization, with one row per image-mask context containing cross-module signatures.","Value comes from upstream grouped summaries (pandas groupby mean/median/std/sum/count/fraction) of morphology, interaction, or distribution metrics.","pandas (groupby, agg); infer-subc.quantification.batch","flattened per-image/per-mask summary metric for a specific object and metric family. combined table is intended for downstream statistics/visualization, with one row per image-mask context containing cross-module signatures"
mean_nuc_extent,Flattened per-image/per-mask summary metric for a specific object and metric family.,"Combined table is intended for downstream statistics/visualization, with one row per image-mask context containing cross-module signatures.","Value comes from upstream grouped summaries (pandas groupby mean/median/std/sum/count/fraction) of morphology, interaction, or distribution metrics.","pandas (groupby, agg); infer-subc.quantification.batch","flattened per-image/per-mask summary metric for a specific object and metric family. combined table is intended for downstream statistics/visualization, with one row per image-mask context containing cross-module signatures"
mean_cell_extent,Flattened per-image/per-mask summary metric for a specific object and metric family.,"Combined table is intended for downstream statistics/visualization, with one row per image-mask context containing cross-module signatures.","Value comes from upstream grouped summaries (pandas groupby mean/median/std/sum/count/fraction) of morphology, interaction, or distribution metrics.","pandas (groupby, agg); infer-subc.quantification.batch","flattened per-image/per-mask summary metric for a specific object and metric family. combined table is intended for downstream statistics/visualization, with one row per image-mask context containing cross-module signatures"
mean_mitoXlyso_extent,Flattened per-image/per-mask summary metric for a specific object and metric family.,"Combined table is intended for downstream statistics/visualization, with one row per image-mask context containing cross-module signatures.","Value comes from upstream grouped summaries (pandas groupby mean/median/std/sum/count/fraction) of morphology, interaction, or distribution metrics.","pandas (groupby, agg); infer-subc.quantification.batch","flattened per-image/per-mask summary metric for a specific object and metric family. combined table is intended for downstream statistics/visualization, with one row per image-mask context containing cross-module signatures"
mean_mitoXER_extent,Flattened per-image/per-mask summary metric for a specific object and metric family.,"Combined table is intended for downstream statistics/visualization, with one row per image-mask context containing cross-module signatures.","Value comes from upstream grouped summaries (pandas groupby mean/median/std/sum/count/fraction) of morphology, interaction, or distribution metrics.","pandas (groupby, agg); infer-subc.quantification.batch","flattened per-image/per-mask summary metric for a specific object and metric family. combined table is intended for downstream statistics/visualization, with one row per image-mask context containing cross-module signatures"
mean_mitoXlysoXER_extent,Flattened per-image/per-mask summary metric for a specific object and metric family.,"Combined table is intended for downstream statistics/visualization, with one row per image-mask context containing cross-module signatures.","Value comes from upstream grouped summaries (pandas groupby mean/median/std/sum/count/fraction) of morphology, interaction, or distribution metrics.","pandas (groupby, agg); infer-subc.quantification.batch","flattened per-image/per-mask summary metric for a specific object and metric family. combined table is intended for downstream statistics/visualization, with one row per image-mask context containing cross-module signatures"
median_mito_extent,Flattened per-image/per-mask summary metric for a specific object and metric family.,"Combined table is intended for downstream statistics/visualization, with one row per image-mask context containing cross-module signatures.","Value comes from upstream grouped summaries (pandas groupby mean/median/std/sum/count/fraction) of morphology, interaction, or distribution metrics.","pandas (groupby, agg); infer-subc.quantification.batch","flattened per-image/per-mask summary metric for a specific object and metric family. combined table is intended for downstream statistics/visualization, with one row per image-mask context containing cross-module signatures"
median_lyso_extent,Flattened per-image/per-mask summary metric for a specific object and metric family.,"Combined table is intended for downstream statistics/visualization, with one row per image-mask context containing cross-module signatures.","Value comes from upstream grouped summaries (pandas groupby mean/median/std/sum/count/fraction) of morphology, interaction, or distribution metrics.","pandas (groupby, agg); infer-subc.quantification.batch","flattened per-image/per-mask summary metric for a specific object and metric family. combined table is intended for downstream statistics/visualization, with one row per image-mask context containing cross-module signatures"
median_golgi_extent,Flattened per-image/per-mask summary metric for a specific object and metric family.,"Combined table is intended for downstream statistics/visualization, with one row per image-mask context containing cross-module signatures.","Value comes from upstream grouped summaries (pandas groupby mean/median/std/sum/count/fraction) of morphology, interaction, or distribution metrics.","pandas (groupby, agg); infer-subc.quantification.batch","flattened per-image/per-mask summary metric for a specific object and metric family. combined table is intended for downstream statistics/visualization, with one row per image-mask context containing cross-module signatures"
median_ER_extent,Flattened per-image/per-mask summary metric for a specific object and metric family.,"Combined table is intended for downstream statistics/visualization, with one row per image-mask context containing cross-module signatures.","Value comes from upstream grouped summaries (pandas groupby mean/median/std/sum/count/fraction) of morphology, interaction, or distribution metrics.","pandas (groupby, agg); infer-subc.quantification.batch","flattened per-image/per-mask summary metric for a specific object and metric family. combined table is intended for downstream statistics/visualization, with one row per image-mask context containing cross-module signatures"
median_nuc_extent,Flattened per-image/per-mask summary metric for a specific object and metric family.,"Combined table is intended for downstream statistics/visualization, with one row per image-mask context containing cross-module signatures.","Value comes from upstream grouped summaries (pandas groupby mean/median/std/sum/count/fraction) of morphology, interaction, or distribution metrics.","pandas (groupby, agg); infer-subc.quantification.batch","flattened per-image/per-mask summary metric for a specific object and metric family. combined table is intended for downstream statistics/visualization, with one row per image-mask context containing cross-module signatures"
median_cell_extent,Flattened per-image/per-mask summary metric for a specific object and metric family.,"Combined table is intended for downstream statistics/visualization, with one row per image-mask context containing cross-module signatures.","Value comes from upstream grouped summaries (pandas groupby mean/median/std/sum/count/fraction) of morphology, interaction, or distribution metrics.","pandas (groupby, agg); infer-subc.quantification.batch","flattened per-image/per-mask summary metric for a specific object and metric family. combined table is intended for downstream statistics/visualization, with one row per image-mask context containing cross-module signatures"
median_mitoXlyso_extent,Flattened per-image/per-mask summary metric for a specific object and metric family.,"Combined table is intended for downstream statistics/visualization, with one row per image-mask context containing cross-module signatures.","Value comes from upstream grouped summaries (pandas groupby mean/median/std/sum/count/fraction) of morphology, interaction, or distribution metrics.","pandas (groupby, agg); infer-subc.quantification.batch","flattened per-image/per-mask summary metric for a specific object and metric family. combined table is intended for downstream statistics/visualization, with one row per image-mask context containing cross-module signatures"
median_mitoXER_extent,Flattened per-image/per-mask summary metric for a specific object and metric family.,"Combined table is intended for downstream statistics/visualization, with one row per image-mask context containing cross-module signatures.","Value comes from upstream grouped summaries (pandas groupby mean/median/std/sum/count/fraction) of morphology, interaction, or distribution metrics.","pandas (groupby, agg); infer-subc.quantification.batch","flattened per-image/per-mask summary metric for a specific object and metric family. combined table is intended for downstream statistics/visualization, with one row per image-mask context containing cross-module signatures"
median_mitoXlysoXER_extent,Flattened per-image/per-mask summary metric for a specific object and metric family.,"Combined table is intended for downstream statistics/visualization, with one row per image-mask context containing cross-module signatures.","Value comes from upstream grouped summaries (pandas groupby mean/median/std/sum/count/fraction) of morphology, interaction, or distribution metrics.","pandas (groupby, agg); infer-subc.quantification.batch","flattened per-image/per-mask summary metric for a specific object and metric family. combined table is intended for downstream statistics/visualization, with one row per image-mask context containing cross-module signatures"
std_mito_extent,Flattened per-image/per-mask summary metric for a specific object and metric family.,"Combined table is intended for downstream statistics/visualization, with one row per image-mask context containing cross-module signatures.","Value comes from upstream grouped summaries (pandas groupby mean/median/std/sum/count/fraction) of morphology, interaction, or distribution metrics.","pandas (groupby, agg); infer-subc.quantification.batch","flattened per-image/per-mask summary metric for a specific object and metric family. combined table is intended for downstream statistics/visualization, with one row per image-mask context containing cross-module signatures"
std_lyso_extent,Flattened per-image/per-mask summary metric for a specific object and metric family.,"Combined table is intended for downstream statistics/visualization, with one row per image-mask context containing cross-module signatures.","Value comes from upstream grouped summaries (pandas groupby mean/median/std/sum/count/fraction) of morphology, interaction, or distribution metrics.","pandas (groupby, agg); infer-subc.quantification.batch","flattened per-image/per-mask summary metric for a specific object and metric family. combined table is intended for downstream statistics/visualization, with one row per image-mask context containing cross-module signatures"
std_golgi_extent,Flattened per-image/per-mask summary metric for a specific object and metric family.,"Combined table is intended for downstream statistics/visualization, with one row per image-mask context containing cross-module signatures.","Value comes from upstream grouped summaries (pandas groupby mean/median/std/sum/count/fraction) of morphology, interaction, or distribution metrics.","pandas (groupby, agg); infer-subc.quantification.batch","flattened per-image/per-mask summary metric for a specific object and metric family. combined table is intended for downstream statistics/visualization, with one row per image-mask context containing cross-module signatures"
std_ER_extent,Flattened per-image/per-mask summary metric for a specific object and metric family.,"Combined table is intended for downstream statistics/visualization, with one row per image-mask context containing cross-module signatures.","Value comes from upstream grouped summaries (pandas groupby mean/median/std/sum/count/fraction) of morphology, interaction, or distribution metrics.","pandas (groupby, agg); infer-subc.quantification.batch","flattened per-image/per-mask summary metric for a specific object and metric family. combined table is intended for downstream statistics/visualization, with one row per image-mask context containing cross-module signatures"
std_nuc_extent,Flattened per-image/per-mask summary metric for a specific object and metric family.,"Combined table is intended for downstream statistics/visualization, with one row per image-mask context containing cross-module signatures.","Value comes from upstream grouped summaries (pandas groupby mean/median/std/sum/count/fraction) of morphology, interaction, or distribution metrics.","pandas (groupby, agg); infer-subc.quantification.batch","flattened per-image/per-mask summary metric for a specific object and metric family. combined table is intended for downstream statistics/visualization, with one row per image-mask context containing cross-module signatures"
std_cell_extent,Flattened per-image/per-mask summary metric for a specific object and metric family.,"Combined table is intended for downstream statistics/visualization, with one row per image-mask context containing cross-module signatures.","Value comes from upstream grouped summaries (pandas groupby mean/median/std/sum/count/fraction) of morphology, interaction, or distribution metrics.","pandas (groupby, agg); infer-subc.quantification.batch","flattened per-image/per-mask summary metric for a specific object and metric family. combined table is intended for downstream statistics/visualization, with one row per image-mask context containing cross-module signatures"
std_mitoXlyso_extent,Flattened per-image/per-mask summary metric for a specific object and metric family.,"Combined table is intended for downstream statistics/visualization, with one row per image-mask context containing cross-module signatures.","Value comes from upstream grouped summaries (pandas groupby mean/median/std/sum/count/fraction) of morphology, interaction, or distribution metrics.","pandas (groupby, agg); infer-subc.quantification.batch","flattened per-image/per-mask summary metric for a specific object and metric family. combined table is intended for downstream statistics/visualization, with one row per image-mask context containing cross-module signatures"
std_mitoXER_extent,Flattened per-image/per-mask summary metric for a specific object and metric family.,"Combined table is intended for downstream statistics/visualization, with one row per image-mask context containing cross-module signatures.","Value comes from upstream grouped summaries (pandas groupby mean/median/std/sum/count/fraction) of morphology, interaction, or distribution metrics.","pandas (groupby, agg); infer-subc.quantification.batch","flattened per-image/per-mask summary metric for a specific object and metric family. combined table is intended for downstream statistics/visualization, with one row per image-mask context containing cross-module signatures"
std_mitoXlysoXER_extent,Flattened per-image/per-mask summary metric for a specific object and metric family.,"Combined table is intended for downstream statistics/visualization, with one row per image-mask context containing cross-module signatures.","Value comes from upstream grouped summaries (pandas groupby mean/median/std/sum/count/fraction) of morphology, interaction, or distribution metrics.","pandas (groupby, agg); infer-subc.quantification.batch","flattened per-image/per-mask summary metric for a specific object and metric family. combined table is intended for downstream statistics/visualization, with one row per image-mask context containing cross-module signatures"
mean_mito_euler_number,Flattened per-image/per-mask summary metric for a specific object and metric family.,"Combined table is intended for downstream statistics/visualization, with one row per image-mask context containing cross-module signatures.","Value comes from upstream grouped summaries (pandas groupby mean/median/std/sum/count/fraction) of morphology, interaction, or distribution metrics.","pandas (groupby, agg); infer-subc.quantification.batch","flattened per-image/per-mask summary metric for a specific object and metric family. combined table is intended for downstream statistics/visualization, with one row per image-mask context containing cross-module signatures"
mean_lyso_euler_number,Flattened per-image/per-mask summary metric for a specific object and metric family.,"Combined table is intended for downstream statistics/visualization, with one row per image-mask context containing cross-module signatures.","Value comes from upstream grouped summaries (pandas groupby mean/median/std/sum/count/fraction) of morphology, interaction, or distribution metrics.","pandas (groupby, agg); infer-subc.quantification.batch","flattened per-image/per-mask summary metric for a specific object and metric family. combined table is intended for downstream statistics/visualization, with one row per image-mask context containing cross-module signatures"
mean_golgi_euler_number,Flattened per-image/per-mask summary metric for a specific object and metric family.,"Combined table is intended for downstream statistics/visualization, with one row per image-mask context containing cross-module signatures.","Value comes from upstream grouped summaries (pandas groupby mean/median/std/sum/count/fraction) of morphology, interaction, or distribution metrics.","pandas (groupby, agg); infer-subc.quantification.batch","flattened per-image/per-mask summary metric for a specific object and metric family. combined table is intended for downstream statistics/visualization, with one row per image-mask context containing cross-module signatures"
mean_ER_euler_number,Flattened per-image/per-mask summary metric for a specific object and metric family.,"Combined table is intended for downstream statistics/visualization, with one row per image-mask context containing cross-module signatures.","Value comes from upstream grouped summaries (pandas groupby mean/median/std/sum/count/fraction) of morphology, interaction, or distribution metrics.","pandas (groupby, agg); infer-subc.quantification.batch","flattened per-image/per-mask summary metric for a specific object and metric family. combined table is intended for downstream statistics/visualization, with one row per image-mask context containing cross-module signatures"
mean_nuc_euler_number,Flattened per-image/per-mask summary metric for a specific object and metric family.,"Combined table is intended for downstream statistics/visualization, with one row per image-mask context containing cross-module signatures.","Value comes from upstream grouped summaries (pandas groupby mean/median/std/sum/count/fraction) of morphology, interaction, or distribution metrics.","pandas (groupby, agg); infer-subc.quantification.batch","flattened per-image/per-mask summary metric for a specific object and metric family. combined table is intended for downstream statistics/visualization, with one row per image-mask context containing cross-module signatures"
mean_cell_euler_number,Flattened per-image/per-mask summary metric for a specific object and metric family.,"Combined table is intended for downstream statistics/visualization, with one row per image-mask context containing cross-module signatures.","Value comes from upstream grouped summaries (pandas groupby mean/median/std/sum/count/fraction) of morphology, interaction, or distribution metrics.","pandas (groupby, agg); infer-subc.quantification.batch","flattened per-image/per-mask summary metric for a specific object and metric family. combined table is intended for downstream statistics/visualization, with one row per image-mask context containing cross-module signatures"
mean_mitoXlyso_euler_number,Flattened per-image/per-mask summary metric for a specific object and metric family.,"Combined table is intended for downstream statistics/visualization, with one row per image-mask context containing cross-module signatures.","Value comes from upstream grouped summaries (pandas groupby mean/median/std/sum/count/fraction) of morphology, interaction, or distribution metrics.","pandas (groupby, agg); infer-subc.quantification.batch","flattened per-image/per-mask summary metric for a specific object and metric family. combined table is intended for downstream statistics/visualization, with one row per image-mask context containing cross-module signatures"
mean_mitoXER_euler_number,Flattened per-image/per-mask summary metric for a specific object and metric family.,"Combined table is intended for downstream statistics/visualization, with one row per image-mask context containing cross-module signatures.","Value comes from upstream grouped summaries (pandas groupby mean/median/std/sum/count/fraction) of morphology, interaction, or distribution metrics.","pandas (groupby, agg); infer-subc.quantification.batch","flattened per-image/per-mask summary metric for a specific object and metric family. combined table is intended for downstream statistics/visualization, with one row per image-mask context containing cross-module signatures"
mean_mitoXlysoXER_euler_number,Flattened per-image/per-mask summary metric for a specific object and metric family.,"Combined table is intended for downstream statistics/visualization, with one row per image-mask context containing cross-module signatures.","Value comes from upstream grouped summaries (pandas groupby mean/median/std/sum/count/fraction) of morphology, interaction, or distribution metrics.","pandas (groupby, agg); infer-subc.quantification.batch","flattened per-image/per-mask summary metric for a specific object and metric family. combined table is intended for downstream statistics/visualization, with one row per image-mask context containing cross-module signatures"
median_mito_euler_number,Flattened per-image/per-mask summary metric for a specific object and metric family.,"Combined table is intended for downstream statistics/visualization, with one row per image-mask context containing cross-module signatures.","Value comes from upstream grouped summaries (pandas groupby mean/median/std/sum/count/fraction) of morphology, interaction, or distribution metrics.","pandas (groupby, agg); infer-subc.quantification.batch","flattened per-image/per-mask summary metric for a specific object and metric family. combined table is intended for downstream statistics/visualization, with one row per image-mask context containing cross-module signatures"
median_lyso_euler_number,Flattened per-image/per-mask summary metric for a specific object and metric family.,"Combined table is intended for downstream statistics/visualization, with one row per image-mask context containing cross-module signatures.","Value comes from upstream grouped summaries (pandas groupby mean/median/std/sum/count/fraction) of morphology, interaction, or distribution metrics.","pandas (groupby, agg); infer-subc.quantification.batch","flattened per-image/per-mask summary metric for a specific object and metric family. combined table is intended for downstream statistics/visualization, with one row per image-mask context containing cross-module signatures"
median_golgi_euler_number,Flattened per-image/per-mask summary metric for a specific object and metric family.,"Combined table is intended for downstream statistics/visualization, with one row per image-mask context containing cross-module signatures.","Value comes from upstream grouped summaries (pandas groupby mean/median/std/sum/count/fraction) of morphology, interaction, or distribution metrics.","pandas (groupby, agg); infer-subc.quantification.batch","flattened per-image/per-mask summary metric for a specific object and metric family. combined table is intended for downstream statistics/visualization, with one row per image-mask context containing cross-module signatures"
median_ER_euler_number,Flattened per-image/per-mask summary metric for a specific object and metric family.,"Combined table is intended for downstream statistics/visualization, with one row per image-mask context containing cross-module signatures.","Value comes from upstream grouped summaries (pandas groupby mean/median/std/sum/count/fraction) of morphology, interaction, or distribution metrics.","pandas (groupby, agg); infer-subc.quantification.batch","flattened per-image/per-mask summary metric for a specific object and metric family. combined table is intended for downstream statistics/visualization, with one row per image-mask context containing cross-module signatures"
median_nuc_euler_number,Flattened per-image/per-mask summary metric for a specific object and metric family.,"Combined table is intended for downstream statistics/visualization, with one row per image-mask context containing cross-module signatures.","Value comes from upstream grouped summaries (pandas groupby mean/median/std/sum/count/fraction) of morphology, interaction, or distribution metrics.","pandas (groupby, agg); infer-subc.quantification.batch","flattened per-image/per-mask summary metric for a specific object and metric family. combined table is intended for downstream statistics/visualization, with one row per image-mask context containing cross-module signatures"
median_cell_euler_number,Flattened per-image/per-mask summary metric for a specific object and metric family.,"Combined table is intended for downstream statistics/visualization, with one row per image-mask context containing cross-module signatures.","Value comes from upstream grouped summaries (pandas groupby mean/median/std/sum/count/fraction) of morphology, interaction, or distribution metrics.","pandas (groupby, agg); infer-subc.quantification.batch","flattened per-image/per-mask summary metric for a specific object and metric family. combined table is intended for downstream statistics/visualization, with one row per image-mask context containing cross-module signatures"
median_mitoXlyso_euler_number,Flattened per-image/per-mask summary metric for a specific object and metric family.,"Combined table is intended for downstream statistics/visualization, with one row per image-mask context containing cross-module signatures.","Value comes from upstream grouped summaries (pandas groupby mean/median/std/sum/count/fraction) of morphology, interaction, or distribution metrics.","pandas (groupby, agg); infer-subc.quantification.batch","flattened per-image/per-mask summary metric for a specific object and metric family. combined table is intended for downstream statistics/visualization, with one row per image-mask context containing cross-module signatures"
median_mitoXER_euler_number,Flattened per-image/per-mask summary metric for a specific object and metric family.,"Combined table is intended for downstream statistics/visualization, with one row per image-mask context containing cross-module signatures.","Value comes from upstream grouped summaries (pandas groupby mean/median/std/sum/count/fraction) of morphology, interaction, or distribution metrics.","pandas (groupby, agg); infer-subc.quantification.batch","flattened per-image/per-mask summary metric for a specific object and metric family. combined table is intended for downstream statistics/visualization, with one row per image-mask context containing cross-module signatures"
median_mitoXlysoXER_euler_number,Flattened per-image/per-mask summary metric for a specific object and metric family.,"Combined table is intended for downstream statistics/visualization, with one row per image-mask context containing cross-module signatures.","Value comes from upstream grouped summaries (pandas groupby mean/median/std/sum/count/fraction) of morphology, interaction, or distribution metrics.","pandas (groupby, agg); infer-subc.quantification.batch","flattened per-image/per-mask summary metric for a specific object and metric family. combined table is intended for downstream statistics/visualization, with one row per image-mask context containing cross-module signatures"
std_mito_euler_number,Flattened per-image/per-mask summary metric for a specific object and metric family.,"Combined table is intended for downstream statistics/visualization, with one row per image-mask context containing cross-module signatures.","Value comes from upstream grouped summaries (pandas groupby mean/median/std/sum/count/fraction) of morphology, interaction, or distribution metrics.","pandas (groupby, agg); infer-subc.quantification.batch","flattened per-image/per-mask summary metric for a specific object and metric family. combined table is intended for downstream statistics/visualization, with one row per image-mask context containing cross-module signatures"
std_lyso_euler_number,Flattened per-image/per-mask summary metric for a specific object and metric family.,"Combined table is intended for downstream statistics/visualization, with one row per image-mask context containing cross-module signatures.","Value comes from upstream grouped summaries (pandas groupby mean/median/std/sum/count/fraction) of morphology, interaction, or distribution metrics.","pandas (groupby, agg); infer-subc.quantification.batch","flattened per-image/per-mask summary metric for a specific object and metric family. combined table is intended for downstream statistics/visualization, with one row per image-mask context containing cross-module signatures"
std_golgi_euler_number,Flattened per-image/per-mask summary metric for a specific object and metric family.,"Combined table is intended for downstream statistics/visualization, with one row per image-mask context containing cross-module signatures.","Value comes from upstream grouped summaries (pandas groupby mean/median/std/sum/count/fraction) of morphology, interaction, or distribution metrics.","pandas (groupby, agg); infer-subc.quantification.batch","flattened per-image/per-mask summary metric for a specific object and metric family. combined table is intended for downstream statistics/visualization, with one row per image-mask context containing cross-module signatures"
std_ER_euler_number,Flattened per-image/per-mask summary metric for a specific object and metric family.,"Combined table is intended for downstream statistics/visualization, with one row per image-mask context containing cross-module signatures.","Value comes from upstream grouped summaries (pandas groupby mean/median/std/sum/count/fraction) of morphology, interaction, or distribution metrics.","pandas (groupby, agg); infer-subc.quantification.batch","flattened per-image/per-mask summary metric for a specific object and metric family. combined table is intended for downstream statistics/visualization, with one row per image-mask context containing cross-module signatures"
std_nuc_euler_number,Flattened per-image/per-mask summary metric for a specific object and metric family.,"Combined table is intended for downstream statistics/visualization, with one row per image-mask context containing cross-module signatures.","Value comes from upstream grouped summaries (pandas groupby mean/median/std/sum/count/fraction) of morphology, interaction, or distribution metrics.","pandas (groupby, agg); infer-subc.quantification.batch","flattened per-image/per-mask summary metric for a specific object and metric family. combined table is intended for downstream statistics/visualization, with one row per image-mask context containing cross-module signatures"
std_cell_euler_number,Flattened per-image/per-mask summary metric for a specific object and metric family.,"Combined table is intended for downstream statistics/visualization, with one row per image-mask context containing cross-module signatures.","Value comes from upstream grouped summaries (pandas groupby mean/median/std/sum/count/fraction) of morphology, interaction, or distribution metrics.","pandas (groupby, agg); infer-subc.quantification.batch","flattened per-image/per-mask summary metric for a specific object and metric family. combined table is intended for downstream statistics/visualization, with one row per image-mask context containing cross-module signatures"
std_mitoXlyso_euler_number,Flattened per-image/per-mask summary metric for a specific object and metric family.,"Combined table is intended for downstream statistics/visualization, with one row per image-mask context containing cross-module signatures.","Value comes from upstream grouped summaries (pandas groupby mean/median/std/sum/count/fraction) of morphology, interaction, or distribution metrics.","pandas (groupby, agg); infer-subc.quantification.batch","flattened per-image/per-mask summary metric for a specific object and metric family. combined table is intended for downstream statistics/visualization, with one row per image-mask context containing cross-module signatures"
std_mitoXER_euler_number,Flattened per-image/per-mask summary metric for a specific object and metric family.,"Combined table is intended for downstream statistics/visualization, with one row per image-mask context containing cross-module signatures.","Value comes from upstream grouped summaries (pandas groupby mean/median/std/sum/count/fraction) of morphology, interaction, or distribution metrics.","pandas (groupby, agg); infer-subc.quantification.batch","flattened per-image/per-mask summary metric for a specific object and metric family. combined table is intended for downstream statistics/visualization, with one row per image-mask context containing cross-module signatures"
std_mitoXlysoXER_euler_number,Flattened per-image/per-mask summary metric for a specific object and metric family.,"Combined table is intended for downstream statistics/visualization, with one row per image-mask context containing cross-module signatures.","Value comes from upstream grouped summaries (pandas groupby mean/median/std/sum/count/fraction) of morphology, interaction, or distribution metrics.","pandas (groupby, agg); infer-subc.quantification.batch","flattened per-image/per-mask summary metric for a specific object and metric family. combined table is intended for downstream statistics/visualization, with one row per image-mask context containing cross-module signatures"
mean_mito_solidity,Flattened per-image/per-mask summary metric for a specific object and metric family.,"Combined table is intended for downstream statistics/visualization, with one row per image-mask context containing cross-module signatures.","Value comes from upstream grouped summaries (pandas groupby mean/median/std/sum/count/fraction) of morphology, interaction, or distribution metrics.","pandas (groupby, agg); infer-subc.quantification.batch","flattened per-image/per-mask summary metric for a specific object and metric family. combined table is intended for downstream statistics/visualization, with one row per image-mask context containing cross-module signatures"
mean_lyso_solidity,Flattened per-image/per-mask summary metric for a specific object and metric family.,"Combined table is intended for downstream statistics/visualization, with one row per image-mask context containing cross-module signatures.","Value comes from upstream grouped summaries (pandas groupby mean/median/std/sum/count/fraction) of morphology, interaction, or distribution metrics.","pandas (groupby, agg); infer-subc.quantification.batch","flattened per-image/per-mask summary metric for a specific object and metric family. combined table is intended for downstream statistics/visualization, with one row per image-mask context containing cross-module signatures"
mean_golgi_solidity,Flattened per-image/per-mask summary metric for a specific object and metric family.,"Combined table is intended for downstream statistics/visualization, with one row per image-mask context containing cross-module signatures.","Value comes from upstream grouped summaries (pandas groupby mean/median/std/sum/count/fraction) of morphology, interaction, or distribution metrics.","pandas (groupby, agg); infer-subc.quantification.batch","flattened per-image/per-mask summary metric for a specific object and metric family. combined table is intended for downstream statistics/visualization, with one row per image-mask context containing cross-module signatures"
mean_ER_solidity,Flattened per-image/per-mask summary metric for a specific object and metric family.,"Combined table is intended for downstream statistics/visualization, with one row per image-mask context containing cross-module signatures.","Value comes from upstream grouped summaries (pandas groupby mean/median/std/sum/count/fraction) of morphology, interaction, or distribution metrics.","pandas (groupby, agg); infer-subc.quantification.batch","flattened per-image/per-mask summary metric for a specific object and metric family. combined table is intended for downstream statistics/visualization, with one row per image-mask context containing cross-module signatures"
mean_nuc_solidity,Flattened per-image/per-mask summary metric for a specific object and metric family.,"Combined table is intended for downstream statistics/visualization, with one row per image-mask context containing cross-module signatures.","Value comes from upstream grouped summaries (pandas groupby mean/median/std/sum/count/fraction) of morphology, interaction, or distribution metrics.","pandas (groupby, agg); infer-subc.quantification.batch","flattened per-image/per-mask summary metric for a specific object and metric family. combined table is intended for downstream statistics/visualization, with one row per image-mask context containing cross-module signatures"
mean_cell_solidity,Flattened per-image/per-mask summary metric for a specific object and metric family.,"Combined table is intended for downstream statistics/visualization, with one row per image-mask context containing cross-module signatures.","Value comes from upstream grouped summaries (pandas groupby mean/median/std/sum/count/fraction) of morphology, interaction, or distribution metrics.","pandas (groupby, agg); infer-subc.quantification.batch","flattened per-image/per-mask summary metric for a specific object and metric family. combined table is intended for downstream statistics/visualization, with one row per image-mask context containing cross-module signatures"
mean_mitoXlyso_solidity,Flattened per-image/per-mask summary metric for a specific object and metric family.,"Combined table is intended for downstream statistics/visualization, with one row per image-mask context containing cross-module signatures.","Value comes from upstream grouped summaries (pandas groupby mean/median/std/sum/count/fraction) of morphology, interaction, or distribution metrics.","pandas (groupby, agg); infer-subc.quantification.batch","flattened per-image/per-mask summary metric for a specific object and metric family. combined table is intended for downstream statistics/visualization, with one row per image-mask context containing cross-module signatures"
mean_mitoXER_solidity,Flattened per-image/per-mask summary metric for a specific object and metric family.,"Combined table is intended for downstream statistics/visualization, with one row per image-mask context containing cross-module signatures.","Value comes from upstream grouped summaries (pandas groupby mean/median/std/sum/count/fraction) of morphology, interaction, or distribution metrics.","pandas (groupby, agg); infer-subc.quantification.batch","flattened per-image/per-mask summary metric for a specific object and metric family. combined table is intended for downstream statistics/visualization, with one row per image-mask context containing cross-module signatures"
mean_mitoXlysoXER_solidity,Flattened per-image/per-mask summary metric for a specific object and metric family.,"Combined table is intended for downstream statistics/visualization, with one row per image-mask context containing cross-module signatures.","Value comes from upstream grouped summaries (pandas groupby mean/median/std/sum/count/fraction) of morphology, interaction, or distribution metrics.","pandas (groupby, agg); infer-subc.quantification.batch","flattened per-image/per-mask summary metric for a specific object and metric family. combined table is intended for downstream statistics/visualization, with one row per image-mask context containing cross-module signatures"
median_mito_solidity,Flattened per-image/per-mask summary metric for a specific object and metric family.,"Combined table is intended for downstream statistics/visualization, with one row per image-mask context containing cross-module signatures.","Value comes from upstream grouped summaries (pandas groupby mean/median/std/sum/count/fraction) of morphology, interaction, or distribution metrics.","pandas (groupby, agg); infer-subc.quantification.batch","flattened per-image/per-mask summary metric for a specific object and metric family. combined table is intended for downstream statistics/visualization, with one row per image-mask context containing cross-module signatures"
median_lyso_solidity,Flattened per-image/per-mask summary metric for a specific object and metric family.,"Combined table is intended for downstream statistics/visualization, with one row per image-mask context containing cross-module signatures.","Value comes from upstream grouped summaries (pandas groupby mean/median/std/sum/count/fraction) of morphology, interaction, or distribution metrics.","pandas (groupby, agg); infer-subc.quantification.batch","flattened per-image/per-mask summary metric for a specific object and metric family. combined table is intended for downstream statistics/visualization, with one row per image-mask context containing cross-module signatures"
median_golgi_solidity,Flattened per-image/per-mask summary metric for a specific object and metric family.,"Combined table is intended for downstream statistics/visualization, with one row per image-mask context containing cross-module signatures.","Value comes from upstream grouped summaries (pandas groupby mean/median/std/sum/count/fraction) of morphology, interaction, or distribution metrics.","pandas (groupby, agg); infer-subc.quantification.batch","flattened per-image/per-mask summary metric for a specific object and metric family. combined table is intended for downstream statistics/visualization, with one row per image-mask context containing cross-module signatures"
median_ER_solidity,Flattened per-image/per-mask summary metric for a specific object and metric family.,"Combined table is intended for downstream statistics/visualization, with one row per image-mask context containing cross-module signatures.","Value comes from upstream grouped summaries (pandas groupby mean/median/std/sum/count/fraction) of morphology, interaction, or distribution metrics.","pandas (groupby, agg); infer-subc.quantification.batch","flattened per-image/per-mask summary metric for a specific object and metric family. combined table is intended for downstream statistics/visualization, with one row per image-mask context containing cross-module signatures"
median_nuc_solidity,Flattened per-image/per-mask summary metric for a specific object and metric family.,"Combined table is intended for downstream statistics/visualization, with one row per image-mask context containing cross-module signatures.","Value comes from upstream grouped summaries (pandas groupby mean/median/std/sum/count/fraction) of morphology, interaction, or distribution metrics.","pandas (groupby, agg); infer-subc.quantification.batch","flattened per-image/per-mask summary metric for a specific object and metric family. combined table is intended for downstream statistics/visualization, with one row per image-mask context containing cross-module signatures"
median_cell_solidity,Flattened per-image/per-mask summary metric for a specific object and metric family.,"Combined table is intended for downstream statistics/visualization, with one row per image-mask context containing cross-module signatures.","Value comes from upstream grouped summaries (pandas groupby mean/median/std/sum/count/fraction) of morphology, interaction, or distribution metrics.","pandas (groupby, agg); infer-subc.quantification.batch","flattened per-image/per-mask summary metric for a specific object and metric family. combined table is intended for downstream statistics/visualization, with one row per image-mask context containing cross-module signatures"
median_mitoXlyso_solidity,Flattened per-image/per-mask summary metric for a specific object and metric family.,"Combined table is intended for downstream statistics/visualization, with one row per image-mask context containing cross-module signatures.","Value comes from upstream grouped summaries (pandas groupby mean/median/std/sum/count/fraction) of morphology, interaction, or distribution metrics.","pandas (groupby, agg); infer-subc.quantification.batch","flattened per-image/per-mask summary metric for a specific object and metric family. combined table is intended for downstream statistics/visualization, with one row per image-mask context containing cross-module signatures"
median_mitoXER_solidity,Flattened per-image/per-mask summary metric for a specific object and metric family.,"Combined table is intended for downstream statistics/visualization, with one row per image-mask context containing cross-module signatures.","Value comes from upstream grouped summaries (pandas groupby mean/median/std/sum/count/fraction) of morphology, interaction, or distribution metrics.","pandas (groupby, agg); infer-subc.quantification.batch","flattened per-image/per-mask summary metric for a specific object and metric family. combined table is intended for downstream statistics/visualization, with one row per image-mask context containing cross-module signatures"
median_mitoXlysoXER_solidity,Flattened per-image/per-mask summary metric for a specific object and metric family.,"Combined table is intended for downstream statistics/visualization, with one row per image-mask context containing cross-module signatures.","Value comes from upstream grouped summaries (pandas groupby mean/median/std/sum/count/fraction) of morphology, interaction, or distribution metrics.","pandas (groupby, agg); infer-subc.quantification.batch","flattened per-image/per-mask summary metric for a specific object and metric family. combined table is intended for downstream statistics/visualization, with one row per image-mask context containing cross-module signatures"
std_mito_solidity,Flattened per-image/per-mask summary metric for a specific object and metric family.,"Combined table is intended for downstream statistics/visualization, with one row per image-mask context containing cross-module signatures.","Value comes from upstream grouped summaries (pandas groupby mean/median/std/sum/count/fraction) of morphology, interaction, or distribution metrics.","pandas (groupby, agg); infer-subc.quantification.batch","flattened per-image/per-mask summary metric for a specific object and metric family. combined table is intended for downstream statistics/visualization, with one row per image-mask context containing cross-module signatures"
std_lyso_solidity,Flattened per-image/per-mask summary metric for a specific object and metric family.,"Combined table is intended for downstream statistics/visualization, with one row per image-mask context containing cross-module signatures.","Value comes from upstream grouped summaries (pandas groupby mean/median/std/sum/count/fraction) of morphology, interaction, or distribution metrics.","pandas (groupby, agg); infer-subc.quantification.batch","flattened per-image/per-mask summary metric for a specific object and metric family. combined table is intended for downstream statistics/visualization, with one row per image-mask context containing cross-module signatures"
std_golgi_solidity,Flattened per-image/per-mask summary metric for a specific object and metric family.,"Combined table is intended for downstream statistics/visualization, with one row per image-mask context containing cross-module signatures.","Value comes from upstream grouped summaries (pandas groupby mean/median/std/sum/count/fraction) of morphology, interaction, or distribution metrics.","pandas (groupby, agg); infer-subc.quantification.batch","flattened per-image/per-mask summary metric for a specific object and metric family. combined table is intended for downstream statistics/visualization, with one row per image-mask context containing cross-module signatures"
std_ER_solidity,Flattened per-image/per-mask summary metric for a specific object and metric family.,"Combined table is intended for downstream statistics/visualization, with one row per image-mask context containing cross-module signatures.","Value comes from upstream grouped summaries (pandas groupby mean/median/std/sum/count/fraction) of morphology, interaction, or distribution metrics.","pandas (groupby, agg); infer-subc.quantification.batch","flattened per-image/per-mask summary metric for a specific object and metric family. combined table is intended for downstream statistics/visualization, with one row per image-mask context containing cross-module signatures"
std_nuc_solidity,Flattened per-image/per-mask summary metric for a specific object and metric family.,"Combined table is intended for downstream statistics/visualization, with one row per image-mask context containing cross-module signatures.","Value comes from upstream grouped summaries (pandas groupby mean/median/std/sum/count/fraction) of morphology, interaction, or distribution metrics.","pandas (groupby, agg); infer-subc.quantification.batch","flattened per-image/per-mask summary metric for a specific object and metric family. combined table is intended for downstream statistics/visualization, with one row per image-mask context containing cross-module signatures"
std_cell_solidity,Flattened per-image/per-mask summary metric for a specific object and metric family.,"Combined table is intended for downstream statistics/visualization, with one row per image-mask context containing cross-module signatures.","Value comes from upstream grouped summaries (pandas groupby mean/median/std/sum/count/fraction) of morphology, interaction, or distribution metrics.","pandas (groupby, agg); infer-subc.quantification.batch","flattened per-image/per-mask summary metric for a specific object and metric family. combined table is intended for downstream statistics/visualization, with one row per image-mask context containing cross-module signatures"
std_mitoXlyso_solidity,Flattened per-image/per-mask summary metric for a specific object and metric family.,"Combined table is intended for downstream statistics/visualization, with one row per image-mask context containing cross-module signatures.","Value comes from upstream grouped summaries (pandas groupby mean/median/std/sum/count/fraction) of morphology, interaction, or distribution metrics.","pandas (groupby, agg); infer-subc.quantification.batch","flattened per-image/per-mask summary metric for a specific object and metric family. combined table is intended for downstream statistics/visualization, with one row per image-mask context containing cross-module signatures"
std_mitoXER_solidity,Flattened per-image/per-mask summary metric for a specific object and metric family.,"Combined table is intended for downstream statistics/visualization, with one row per image-mask context containing cross-module signatures.","Value comes from upstream grouped summaries (pandas groupby mean/median/std/sum/count/fraction) of morphology, interaction, or distribution metrics.","pandas (groupby, agg); infer-subc.quantification.batch","flattened per-image/per-mask summary metric for a specific object and metric family. combined table is intended for downstream statistics/visualization, with one row per image-mask context containing cross-module signatures"
std_mitoXlysoXER_solidity,Flattened per-image/per-mask summary metric for a specific object and metric family.,"Combined table is intended for downstream statistics/visualization, with one row per image-mask context containing cross-module signatures.","Value comes from upstream grouped summaries (pandas groupby mean/median/std/sum/count/fraction) of morphology, interaction, or distribution metrics.","pandas (groupby, agg); infer-subc.quantification.batch","flattened per-image/per-mask summary metric for a specific object and metric family. combined table is intended for downstream statistics/visualization, with one row per image-mask context containing cross-module signatures"
mean_mito_axis_major_length,Flattened per-image/per-mask summary metric for a specific object and metric family.,"Combined table is intended for downstream statistics/visualization, with one row per image-mask context containing cross-module signatures.","Value comes from upstream grouped summaries (pandas groupby mean/median/std/sum/count/fraction) of morphology, interaction, or distribution metrics.","pandas (groupby, agg); infer-subc.quantification.batch","flattened per-image/per-mask summary metric for a specific object and metric family. combined table is intended for downstream statistics/visualization, with one row per image-mask context containing cross-module signatures"
mean_lyso_axis_major_length,Flattened per-image/per-mask summary metric for a specific object and metric family.,"Combined table is intended for downstream statistics/visualization, with one row per image-mask context containing cross-module signatures.","Value comes from upstream grouped summaries (pandas groupby mean/median/std/sum/count/fraction) of morphology, interaction, or distribution metrics.","pandas (groupby, agg); infer-subc.quantification.batch","flattened per-image/per-mask summary metric for a specific object and metric family. combined table is intended for downstream statistics/visualization, with one row per image-mask context containing cross-module signatures"
mean_golgi_axis_major_length,Flattened per-image/per-mask summary metric for a specific object and metric family.,"Combined table is intended for downstream statistics/visualization, with one row per image-mask context containing cross-module signatures.","Value comes from upstream grouped summaries (pandas groupby mean/median/std/sum/count/fraction) of morphology, interaction, or distribution metrics.","pandas (groupby, agg); infer-subc.quantification.batch","flattened per-image/per-mask summary metric for a specific object and metric family. combined table is intended for downstream statistics/visualization, with one row per image-mask context containing cross-module signatures"
mean_ER_axis_major_length,Flattened per-image/per-mask summary metric for a specific object and metric family.,"Combined table is intended for downstream statistics/visualization, with one row per image-mask context containing cross-module signatures.","Value comes from upstream grouped summaries (pandas groupby mean/median/std/sum/count/fraction) of morphology, interaction, or distribution metrics.","pandas (groupby, agg); infer-subc.quantification.batch","flattened per-image/per-mask summary metric for a specific object and metric family. combined table is intended for downstream statistics/visualization, with one row per image-mask context containing cross-module signatures"
mean_nuc_axis_major_length,Flattened per-image/per-mask summary metric for a specific object and metric family.,"Combined table is intended for downstream statistics/visualization, with one row per image-mask context containing cross-module signatures.","Value comes from upstream grouped summaries (pandas groupby mean/median/std/sum/count/fraction) of morphology, interaction, or distribution metrics.","pandas (groupby, agg); infer-subc.quantification.batch","flattened per-image/per-mask summary metric for a specific object and metric family. combined table is intended for downstream statistics/visualization, with one row per image-mask context containing cross-module signatures"
mean_cell_axis_major_length,Flattened per-image/per-mask summary metric for a specific object and metric family.,"Combined table is intended for downstream statistics/visualization, with one row per image-mask context containing cross-module signatures.","Value comes from upstream grouped summaries (pandas groupby mean/median/std/sum/count/fraction) of morphology, interaction, or distribution metrics.","pandas (groupby, agg); infer-subc.quantification.batch","flattened per-image/per-mask summary metric for a specific object and metric family. combined table is intended for downstream statistics/visualization, with one row per image-mask context containing cross-module signatures"
mean_mitoXlyso_axis_major_length,Flattened per-image/per-mask summary metric for a specific object and metric family.,"Combined table is intended for downstream statistics/visualization, with one row per image-mask context containing cross-module signatures.","Value comes from upstream grouped summaries (pandas groupby mean/median/std/sum/count/fraction) of morphology, interaction, or distribution metrics.","pandas (groupby, agg); infer-subc.quantification.batch","flattened per-image/per-mask summary metric for a specific object and metric family. combined table is intended for downstream statistics/visualization, with one row per image-mask context containing cross-module signatures"
mean_mitoXER_axis_major_length,Flattened per-image/per-mask summary metric for a specific object and metric family.,"Combined table is intended for downstream statistics/visualization, with one row per image-mask context containing cross-module signatures.","Value comes from upstream grouped summaries (pandas groupby mean/median/std/sum/count/fraction) of morphology, interaction, or distribution metrics.","pandas (groupby, agg); infer-subc.quantification.batch","flattened per-image/per-mask summary metric for a specific object and metric family. combined table is intended for downstream statistics/visualization, with one row per image-mask context containing cross-module signatures"
mean_mitoXlysoXER_axis_major_length,Flattened per-image/per-mask summary metric for a specific object and metric family.,"Combined table is intended for downstream statistics/visualization, with one row per image-mask context containing cross-module signatures.","Value comes from upstream grouped summaries (pandas groupby mean/median/std/sum/count/fraction) of morphology, interaction, or distribution metrics.","pandas (groupby, agg); infer-subc.quantification.batch","flattened per-image/per-mask summary metric for a specific object and metric family. combined table is intended for downstream statistics/visualization, with one row per image-mask context containing cross-module signatures"
median_mito_axis_major_length,Flattened per-image/per-mask summary metric for a specific object and metric family.,"Combined table is intended for downstream statistics/visualization, with one row per image-mask context containing cross-module signatures.","Value comes from upstream grouped summaries (pandas groupby mean/median/std/sum/count/fraction) of morphology, interaction, or distribution metrics.","pandas (groupby, agg); infer-subc.quantification.batch","flattened per-image/per-mask summary metric for a specific object and metric family. combined table is intended for downstream statistics/visualization, with one row per image-mask context containing cross-module signatures"
median_lyso_axis_major_length,Flattened per-image/per-mask summary metric for a specific object and metric family.,"Combined table is intended for downstream statistics/visualization, with one row per image-mask context containing cross-module signatures.","Value comes from upstream grouped summaries (pandas groupby mean/median/std/sum/count/fraction) of morphology, interaction, or distribution metrics.","pandas (groupby, agg); infer-subc.quantification.batch","flattened per-image/per-mask summary metric for a specific object and metric family. combined table is intended for downstream statistics/visualization, with one row per image-mask context containing cross-module signatures"
median_golgi_axis_major_length,Flattened per-image/per-mask summary metric for a specific object and metric family.,"Combined table is intended for downstream statistics/visualization, with one row per image-mask context containing cross-module signatures.","Value comes from upstream grouped summaries (pandas groupby mean/median/std/sum/count/fraction) of morphology, interaction, or distribution metrics.","pandas (groupby, agg); infer-subc.quantification.batch","flattened per-image/per-mask summary metric for a specific object and metric family. combined table is intended for downstream statistics/visualization, with one row per image-mask context containing cross-module signatures"
median_ER_axis_major_length,Flattened per-image/per-mask summary metric for a specific object and metric family.,"Combined table is intended for downstream statistics/visualization, with one row per image-mask context containing cross-module signatures.","Value comes from upstream grouped summaries (pandas groupby mean/median/std/sum/count/fraction) of morphology, interaction, or distribution metrics.","pandas (groupby, agg); infer-subc.quantification.batch","flattened per-image/per-mask summary metric for a specific object and metric family. combined table is intended for downstream statistics/visualization, with one row per image-mask context containing cross-module signatures"
median_nuc_axis_major_length,Flattened per-image/per-mask summary metric for a specific object and metric family.,"Combined table is intended for downstream statistics/visualization, with one row per image-mask context containing cross-module signatures.","Value comes from upstream grouped summaries (pandas groupby mean/median/std/sum/count/fraction) of morphology, interaction, or distribution metrics.","pandas (groupby, agg); infer-subc.quantification.batch","flattened per-image/per-mask summary metric for a specific object and metric family. combined table is intended for downstream statistics/visualization, with one row per image-mask context containing cross-module signatures"
median_cell_axis_major_length,Flattened per-image/per-mask summary metric for a specific object and metric family.,"Combined table is intended for downstream statistics/visualization, with one row per image-mask context containing cross-module signatures.","Value comes from upstream grouped summaries (pandas groupby mean/median/std/sum/count/fraction) of morphology, interaction, or distribution metrics.","pandas (groupby, agg); infer-subc.quantification.batch","flattened per-image/per-mask summary metric for a specific object and metric family. combined table is intended for downstream statistics/visualization, with one row per image-mask context containing cross-module signatures"
median_mitoXlyso_axis_major_length,Flattened per-image/per-mask summary metric for a specific object and metric family.,"Combined table is intended for downstream statistics/visualization, with one row per image-mask context containing cross-module signatures.","Value comes from upstream grouped summaries (pandas groupby mean/median/std/sum/count/fraction) of morphology, interaction, or distribution metrics.","pandas (groupby, agg); infer-subc.quantification.batch","flattened per-image/per-mask summary metric for a specific object and metric family. combined table is intended for downstream statistics/visualization, with one row per image-mask context containing cross-module signatures"
median_mitoXER_axis_major_length,Flattened per-image/per-mask summary metric for a specific object and metric family.,"Combined table is intended for downstream statistics/visualization, with one row per image-mask context containing cross-module signatures.","Value comes from upstream grouped summaries (pandas groupby mean/median/std/sum/count/fraction) of morphology, interaction, or distribution metrics.","pandas (groupby, agg); infer-subc.quantification.batch","flattened per-image/per-mask summary metric for a specific object and metric family. combined table is intended for downstream statistics/visualization, with one row per image-mask context containing cross-module signatures"
median_mitoXlysoXER_axis_major_length,Flattened per-image/per-mask summary metric for a specific object and metric family.,"Combined table is intended for downstream statistics/visualization, with one row per image-mask context containing cross-module signatures.","Value comes from upstream grouped summaries (pandas groupby mean/median/std/sum/count/fraction) of morphology, interaction, or distribution metrics.","pandas (groupby, agg); infer-subc.quantification.batch","flattened per-image/per-mask summary metric for a specific object and metric family. combined table is intended for downstream statistics/visualization, with one row per image-mask context containing cross-module signatures"
std_mito_axis_major_length,Flattened per-image/per-mask summary metric for a specific object and metric family.,"Combined table is intended for downstream statistics/visualization, with one row per image-mask context containing cross-module signatures.","Value comes from upstream grouped summaries (pandas groupby mean/median/std/sum/count/fraction) of morphology, interaction, or distribution metrics.","pandas (groupby, agg); infer-subc.quantification.batch","flattened per-image/per-mask summary metric for a specific object and metric family. combined table is intended for downstream statistics/visualization, with one row per image-mask context containing cross-module signatures"
std_lyso_axis_major_length,Flattened per-image/per-mask summary metric for a specific object and metric family.,"Combined table is intended for downstream statistics/visualization, with one row per image-mask context containing cross-module signatures.","Value comes from upstream grouped summaries (pandas groupby mean/median/std/sum/count/fraction) of morphology, interaction, or distribution metrics.","pandas (groupby, agg); infer-subc.quantification.batch","flattened per-image/per-mask summary metric for a specific object and metric family. combined table is intended for downstream statistics/visualization, with one row per image-mask context containing cross-module signatures"
std_golgi_axis_major_length,Flattened per-image/per-mask summary metric for a specific object and metric family.,"Combined table is intended for downstream statistics/visualization, with one row per image-mask context containing cross-module signatures.","Value comes from upstream grouped summaries (pandas groupby mean/median/std/sum/count/fraction) of morphology, interaction, or distribution metrics.","pandas (groupby, agg); infer-subc.quantification.batch","flattened per-image/per-mask summary metric for a specific object and metric family. combined table is intended for downstream statistics/visualization, with one row per image-mask context containing cross-module signatures"
std_ER_axis_major_length,Flattened per-image/per-mask summary metric for a specific object and metric family.,"Combined table is intended for downstream statistics/visualization, with one row per image-mask context containing cross-module signatures.","Value comes from upstream grouped summaries (pandas groupby mean/median/std/sum/count/fraction) of morphology, interaction, or distribution metrics.","pandas (groupby, agg); infer-subc.quantification.batch","flattened per-image/per-mask summary metric for a specific object and metric family. combined table is intended for downstream statistics/visualization, with one row per image-mask context containing cross-module signatures"
std_nuc_axis_major_length,Flattened per-image/per-mask summary metric for a specific object and metric family.,"Combined table is intended for downstream statistics/visualization, with one row per image-mask context containing cross-module signatures.","Value comes from upstream grouped summaries (pandas groupby mean/median/std/sum/count/fraction) of morphology, interaction, or distribution metrics.","pandas (groupby, agg); infer-subc.quantification.batch","flattened per-image/per-mask summary metric for a specific object and metric family. combined table is intended for downstream statistics/visualization, with one row per image-mask context containing cross-module signatures"
std_cell_axis_major_length,Flattened per-image/per-mask summary metric for a specific object and metric family.,"Combined table is intended for downstream statistics/visualization, with one row per image-mask context containing cross-module signatures.","Value comes from upstream grouped summaries (pandas groupby mean/median/std/sum/count/fraction) of morphology, interaction, or distribution metrics.","pandas (groupby, agg); infer-subc.quantification.batch","flattened per-image/per-mask summary metric for a specific object and metric family. combined table is intended for downstream statistics/visualization, with one row per image-mask context containing cross-module signatures"
std_mitoXlyso_axis_major_length,Flattened per-image/per-mask summary metric for a specific object and metric family.,"Combined table is intended for downstream statistics/visualization, with one row per image-mask context containing cross-module signatures.","Value comes from upstream grouped summaries (pandas groupby mean/median/std/sum/count/fraction) of morphology, interaction, or distribution metrics.","pandas (groupby, agg); infer-subc.quantification.batch","flattened per-image/per-mask summary metric for a specific object and metric family. combined table is intended for downstream statistics/visualization, with one row per image-mask context containing cross-module signatures"
std_mitoXER_axis_major_length,Flattened per-image/per-mask summary metric for a specific object and metric family.,"Combined table is intended for downstream statistics/visualization, with one row per image-mask context containing cross-module signatures.","Value comes from upstream grouped summaries (pandas groupby mean/median/std/sum/count/fraction) of morphology, interaction, or distribution metrics.","pandas (groupby, agg); infer-subc.quantification.batch","flattened per-image/per-mask summary metric for a specific object and metric family. combined table is intended for downstream statistics/visualization, with one row per image-mask context containing cross-module signatures"
std_mitoXlysoXER_axis_major_length,Flattened per-image/per-mask summary metric for a specific object and metric family.,"Combined table is intended for downstream statistics/visualization, with one row per image-mask context containing cross-module signatures.","Value comes from upstream grouped summaries (pandas groupby mean/median/std/sum/count/fraction) of morphology, interaction, or distribution metrics.","pandas (groupby, agg); infer-subc.quantification.batch","flattened per-image/per-mask summary metric for a specific object and metric family. combined table is intended for downstream statistics/visualization, with one row per image-mask context containing cross-module signatures"
